"Region","Date","NDVI_median","NDWI_median","NDDI_median"
"Fès-Meknès",2024-01-01,0.199124001135612,-0.116249044033183,1.03621398198334
"Guelmim-Oued Noun",2024-01-01,0.103636916496151,-0.133985330472682,-3.2543355919349
"Laâyoune-Sakia El Hamra",2024-01-01,0.096921630899277,-0.123104604032687,-4.1312579485791
"Souss-Massa",2024-01-01,0.105763248243139,-0.130917005577641,-2.61436367793974
"Dakhla-Oued Ed-Dahab",2024-01-01,0.0896233232442371,-0.103973789007486,-5.08185263957013
"Tanger-Tétouan-Al Hoceima",2024-01-01,0.605783221124463,0.128392211329329,0.637324590607307
"Drâa-Tafilalet",2024-01-01,0.11360669461996,-0.13380241015429,-2.97257469374928
"Marrakech-Safi",2024-01-01,0.157409788582427,-0.106063944184181,1.60874553980808
"l'Oriental",2024-01-01,0.122457591464099,-0.127291556686904,-3.9404470877653
"Béni Mellal-Khénifra",2024-01-01,0.217253884578633,-0.0976684465657072,1.54809936107973
"Casablanca-Settat",2024-01-01,0.257649791643677,-0.172156908533023,1.83205035234222
"Rabat-Salé-Kénitra",2024-01-01,0.363064503995262,-0.0790578184463381,1.35411398234809
"Fès-Meknès",2024-01-09,0.218687161782542,-0.110088474555915,1.15660463607014
"Guelmim-Oued Noun",2024-01-09,0.0976332452380493,-0.125044053199309,-2.8776170341215
"Laâyoune-Sakia El Hamra",2024-01-09,0.0965260732236645,-0.119812499810167,-4.58551515002746
"Souss-Massa",2024-01-09,0.0999980062002533,-0.123472304370916,-2.56882052413844
"Dakhla-Oued Ed-Dahab",2024-01-09,0.090092559096498,-0.106507068991683,-5.29289312472477
"Tanger-Tétouan-Al Hoceima",2024-01-09,0.570179528717907,0.119168422697447,0.635238655865891
"Drâa-Tafilalet",2024-01-09,0.110896438650041,-0.130513734715334,-2.94237350061611
"Marrakech-Safi",2024-01-09,0.15709047913356,-0.104284953493845,2.00834450274681
"l'Oriental",2024-01-09,0.120866710812848,-0.125162459075335,-3.37176149364587
"Béni Mellal-Khénifra",2024-01-09,0.209748930496502,-0.1018796757744,1.55099673725035
"Casablanca-Settat",2024-01-09,0.256425553331311,-0.184373597888772,1.97663163171265
"Rabat-Salé-Kénitra",2024-01-09,0.387691712539898,-0.058306463670445,1.17276272842831
"Fès-Meknès",2024-01-17,0.212912787232042,-0.11189787479672,1.04241501663234
"Guelmim-Oued Noun",2024-01-17,0.104083156806057,-0.130441962612772,-3.23970796978632
"Laâyoune-Sakia El Hamra",2024-01-17,0.0985593034614855,-0.126800004107343,-4.3760451730328
"Souss-Massa",2024-01-17,0.103552029512227,-0.12740153621935,-2.63654659057232
"Dakhla-Oued Ed-Dahab",2024-01-17,0.0960620962213686,-0.109216824335886,-6.27467800084326
"Tanger-Tétouan-Al Hoceima",2024-01-17,0.595989660637533,0.128016807129708,0.630051092850482
"Drâa-Tafilalet",2024-01-17,0.111479967556047,-0.132469890039751,-3.04145006139725
"Marrakech-Safi",2024-01-17,0.165798353280447,-0.0958483465048269,1.79120702245706
"l'Oriental",2024-01-17,0.123201314999584,-0.130181496501643,-6.13676722322945
"Béni Mellal-Khénifra",2024-01-17,0.231573097756,-0.0972929819848797,1.49793056435675
"Casablanca-Settat",2024-01-17,0.318740584673939,-0.157269313984443,1.69994560690722
"Rabat-Salé-Kénitra",2024-01-17,0.416853206959946,-0.0461996491977711,1.14180309274302
"Fès-Meknès",2024-01-25,0.211580114714673,-0.109226009344714,1.33241819400066
"Guelmim-Oued Noun",2024-01-25,0.101947198266296,-0.132490655291336,-3.341357490717
"Laâyoune-Sakia El Hamra",2024-01-25,0.0968790024469818,-0.120666933184971,-3.58857710810631
"Souss-Massa",2024-01-25,0.10713859546862,-0.128574814574347,-2.59033941906597
"Dakhla-Oued Ed-Dahab",2024-01-25,0.0877339267730815,-0.102832410784019,-5.63910600418997
"Tanger-Tétouan-Al Hoceima",2024-01-25,0.605336454479106,0.128729313028995,0.64076640785158
"Drâa-Tafilalet",2024-01-25,0.112475640818295,-0.132773438968735,-3.10447453130809
"Marrakech-Safi",2024-01-25,0.155286811325656,-0.10993885639773,1.72544734190063
"l'Oriental",2024-01-25,0.123747379642136,-0.121674631593598,4.60564175665313
"Béni Mellal-Khénifra",2024-01-25,0.200600513898614,-0.11739409538444,1.58888661222322
"Casablanca-Settat",2024-01-25,0.260228681822613,-0.17682472211043,1.49812749173841
"Rabat-Salé-Kénitra",2024-01-25,0.407640717037971,-0.061029972598058,1.24648080016644
"Fès-Meknès",2024-02-02,0.199086148984883,-0.109316932997393,1.10615687232411
"Guelmim-Oued Noun",2024-02-02,0.103543479584165,-0.128815856531584,-3.02362389803342
"Laâyoune-Sakia El Hamra",2024-02-02,0.0956170818178115,-0.118647185283049,-4.11666494758852
"Souss-Massa",2024-02-02,0.107410257000517,-0.127535518890178,-2.57095029801906
"Dakhla-Oued Ed-Dahab",2024-02-02,0.0872334646462796,-0.100093936814442,-5.52803470829712
"Tanger-Tétouan-Al Hoceima",2024-02-02,0.581836269130291,0.131598930507068,0.620706035282246
"Drâa-Tafilalet",2024-02-02,0.111931037620074,-0.130135501945794,-2.92411082388428
"Marrakech-Safi",2024-02-02,0.15637320686271,-0.113123288390889,1.87229780915097
"l'Oriental",2024-02-02,0.122873923371005,-0.125289806500701,-3.31534524330644
"Béni Mellal-Khénifra",2024-02-02,0.200121560403385,-0.111675610227254,1.58477345149951
"Casablanca-Settat",2024-02-02,0.24868133984458,-0.177740371672488,1.77447073908733
"Rabat-Salé-Kénitra",2024-02-02,0.403495566906046,-0.0610095440028629,1.28425473418465
"Fès-Meknès",2024-02-10,0.248661431231258,-0.0873289942757936,1.05180852071244
"Guelmim-Oued Noun",2024-02-10,0.10395292537166,-0.133496979210791,-3.22343229446028
"Laâyoune-Sakia El Hamra",2024-02-10,0.0974719878853131,-0.121038177307522,-4.02113252931426
"Souss-Massa",2024-02-10,0.104886043235134,-0.127774031642337,-2.60615567471132
"Dakhla-Oued Ed-Dahab",2024-02-10,0.0891067209161968,-0.105354963207474,-5.75701775114988
"Tanger-Tétouan-Al Hoceima",2024-02-10,0.64949537178867,0.189093075529423,0.546345118473703
"Drâa-Tafilalet",2024-02-10,0.111489865020627,-0.122580953934701,-2.7129910154256
"Marrakech-Safi",2024-02-10,0.164892798234786,-0.0930964792073461,1.84859389378899
"l'Oriental",2024-02-10,0.122768169445414,-0.121360929875331,2.84171231086629
"Béni Mellal-Khénifra",2024-02-10,0.247959663834752,-0.081906465332997,1.40976888478749
"Casablanca-Settat",2024-02-10,0.319822037671169,-0.136866134712316,1.63582192083855
"Rabat-Salé-Kénitra",2024-02-10,0.451877332523306,-0.0128095679908619,1.02472463319315
"Fès-Meknès",2024-02-18,0.213555213445381,-0.0987505282263274,1.12957043917351
"Guelmim-Oued Noun",2024-02-18,0.0997287227121916,-0.123981480260738,-3.1059683545369
"Laâyoune-Sakia El Hamra",2024-02-18,0.0938340634209483,-0.116555938630474,-4.3026375181876
"Souss-Massa",2024-02-18,0.103917742860338,-0.122850425898455,-2.49932394925725
"Dakhla-Oued Ed-Dahab",2024-02-18,0.0895488031197224,-0.101064709747428,-5.72388617914686
"Tanger-Tétouan-Al Hoceima",2024-02-18,0.608091487946206,0.13947613230425,0.619849446114215
"Drâa-Tafilalet",2024-02-18,0.112504918239442,-0.129387289928413,-2.86883453962047
"Marrakech-Safi",2024-02-18,0.157216421413406,-0.0950127459716067,1.97626797526715
"l'Oriental",2024-02-18,0.125450923748929,-0.126608515287113,0.830945365588928
"Béni Mellal-Khénifra",2024-02-18,0.220110073676845,-0.0987288885332619,1.75815465207461
"Casablanca-Settat",2024-02-18,0.262902156593542,-0.142334065381653,2.05699106619628
"Rabat-Salé-Kénitra",2024-02-18,0.434675207140317,-0.0304335469932254,1.1083806656009
"Fès-Meknès",2024-02-26,0.219549221398139,-0.0800014656846649,0.96009311768302
"Guelmim-Oued Noun",2024-02-26,0.101828694369011,-0.126705732470984,-3.12970725645506
"Laâyoune-Sakia El Hamra",2024-02-26,0.0947879396268256,-0.115259304137786,-3.78907182324064
"Souss-Massa",2024-02-26,0.10040311564855,-0.112694336841764,-2.33380669744596
"Dakhla-Oued Ed-Dahab",2024-02-26,0.0866860579769262,-0.103917395726025,-5.89032965885645
"Tanger-Tétouan-Al Hoceima",2024-02-26,0.612059138350567,0.174384252063538,0.551630030062909
"Drâa-Tafilalet",2024-02-26,0.107312251696486,-0.119301918741738,-2.59252711455965
"Marrakech-Safi",2024-02-26,0.156300758868881,-0.0919890169559825,2.09499961470176
"l'Oriental",2024-02-26,0.122193239178611,-0.122764423929417,1.64421012387806
"Béni Mellal-Khénifra",2024-02-26,0.224244496022338,-0.0789538619287782,1.55575847394139
"Casablanca-Settat",2024-02-26,0.304110232171516,-0.135764831633082,1.92194456968317
"Rabat-Salé-Kénitra",2024-02-26,0.502694709624765,0.0423493536804846,0.828138823883467
"Fès-Meknès",2024-03-05,0.253157917405665,-0.0773656606738033,0.810135475400584
"Guelmim-Oued Noun",2024-03-05,0.102785832336874,-0.124975108717744,-3.00714605463396
"Laâyoune-Sakia El Hamra",2024-03-05,0.0970473405446167,-0.120365414875205,-4.5883269583948
"Souss-Massa",2024-03-05,0.103654712391063,-0.116967620223436,-2.30069225772541
"Dakhla-Oued Ed-Dahab",2024-03-05,0.0901735443181799,-0.106089387071163,-5.6353988955072
"Tanger-Tétouan-Al Hoceima",2024-03-05,0.647215545853096,0.198232592206221,0.527786239705574
"Drâa-Tafilalet",2024-03-05,0.110245997316584,-0.128816893399229,-3.13607079328008
"Marrakech-Safi",2024-03-05,0.162216976091895,-0.0923055690409811,2.11299401856379
"l'Oriental",2024-03-05,0.123145695104616,-0.123215634914919,2.5988714031723
"Béni Mellal-Khénifra",2024-03-05,0.232425845106386,-0.0887948019153783,1.69074452505603
"Casablanca-Settat",2024-03-05,0.26193125592526,-0.148778863534279,2.33028721728679
"Rabat-Salé-Kénitra",2024-03-05,0.490700038312396,0.0263204653792603,0.874644887555608
"Fès-Meknès",2024-03-13,0.239059202645946,-0.0699967221091657,0.765036415115534
"Guelmim-Oued Noun",2024-03-13,0.104386905226888,-0.12720288014479,-3.03177988225536
"Laâyoune-Sakia El Hamra",2024-03-13,0.0954108608861904,-0.119765355984675,-4.60031638439273
"Souss-Massa",2024-03-13,0.108580553656534,-0.120404204563669,-2.1827196684022
"Dakhla-Oued Ed-Dahab",2024-03-13,0.0891132707813075,-0.107552795872559,-5.88566272114121
"Tanger-Tétouan-Al Hoceima",2024-03-13,0.562638814156635,0.172344540322281,0.529765526748902
"Drâa-Tafilalet",2024-03-13,0.108562335143325,-0.128918089328776,-3.18225711197587
"Marrakech-Safi",2024-03-13,0.167963731864002,-0.0944422010553607,2.29694771884192
"l'Oriental",2024-03-13,0.122538550759101,-0.12342006810098,1.31487025792045
"Béni Mellal-Khénifra",2024-03-13,0.242202316485112,-0.0804491536930809,1.60879577950404
"Casablanca-Settat",2024-03-13,0.285057294475504,-0.114889712207051,1.96258713335706
"Rabat-Salé-Kénitra",2024-03-13,0.476264481667247,0.0541543245321968,0.776441124957381
"Fès-Meknès",2024-03-21,0.192456954734153,-0.0715473200876112,1.11019216634079
"Guelmim-Oued Noun",2024-03-21,0.104958128438122,-0.131457893730523,-3.19095030601631
"Laâyoune-Sakia El Hamra",2024-03-21,0.0966008813367102,-0.124047034805741,-4.53408357559931
"Souss-Massa",2024-03-21,0.109994355687859,-0.120137748500069,-0.058961015823099
"Dakhla-Oued Ed-Dahab",2024-03-21,0.0890712631539862,-0.109120842781954,-5.80908332914815
"Tanger-Tétouan-Al Hoceima",2024-03-21,0.48623823916441,0.154103694985909,0.519893942273567
"Drâa-Tafilalet",2024-03-21,0.109861887963295,-0.120850878986212,-2.5887374264487
"Marrakech-Safi",2024-03-21,0.183555616935724,-0.0810551564028089,1.8420757011645
"l'Oriental",2024-03-21,0.119744196958143,-0.115328139331027,6.48697790677059
"Béni Mellal-Khénifra",2024-03-21,0.282216616486702,-0.0171418036804165,1.05268951661968
"Casablanca-Settat",2024-03-21,0.322723317505299,-0.0677727978645527,1.29601006822223
"Rabat-Salé-Kénitra",2024-03-21,0.53127355085259,0.12886219615807,0.585812533761701
"Fès-Meknès",2024-03-29,0.281312122198926,-0.0515007642330995,0.687415786551304
"Guelmim-Oued Noun",2024-03-29,0.103895379366734,-0.127327787220219,-3.01958672318594
"Laâyoune-Sakia El Hamra",2024-03-29,0.0969972521632264,-0.120130042560727,-4.08058849702504
"Souss-Massa",2024-03-29,0.106466862860422,-0.116497965854425,-2.07818414266876
"Dakhla-Oued Ed-Dahab",2024-03-29,0.0903340019354787,-0.106975629731525,-5.90735870708724
"Tanger-Tétouan-Al Hoceima",2024-03-29,0.62185575133496,0.199243436738567,0.514006229631615
"Drâa-Tafilalet",2024-03-29,0.109174822567008,-0.129323296810118,-3.11673929355921
"Marrakech-Safi",2024-03-29,0.182839989328119,-0.0716621567597653,1.89586277047922
"l'Oriental",2024-03-29,0.122126231216811,-0.123078626653654,1.22522905481693
"Béni Mellal-Khénifra",2024-03-29,0.283738109093003,-0.0427438746001995,1.19137611881996
"Casablanca-Settat",2024-03-29,0.350082516802686,-0.0649536643567694,1.31476794853706
"Rabat-Salé-Kénitra",2024-03-29,0.503738021792487,0.0870154096978268,0.690623158052993
"Fès-Meknès",2024-04-06,0.277416483259983,-0.0501961167411535,0.726532998031423
"Guelmim-Oued Noun",2024-04-06,0.0815621441708387,-0.103113660365869,-3.39153005276328
"Laâyoune-Sakia El Hamra",2024-04-06,0.0857400729568692,-0.109606439754947,-4.2923256007738
"Souss-Massa",2024-04-06,0.101128783897924,-0.1099197736383,-2.4496167725474
"Dakhla-Oued Ed-Dahab",2024-04-06,0.0899508431531996,-0.10795740264817,-5.83401058380399
"Tanger-Tétouan-Al Hoceima",2024-04-06,0.587113547529786,0.165614768724563,0.559079161793842
"Drâa-Tafilalet",2024-04-06,0.108331683545968,-0.127797395152993,-3.0972209613728
"Marrakech-Safi",2024-04-06,0.182004847050597,-0.0802646347608061,1.94954788236806
"l'Oriental",2024-04-06,0.121709611844449,-0.124719601575432,-3.94981743279628
"Béni Mellal-Khénifra",2024-04-06,0.27622442533966,-0.0560126273044649,1.33130877856246
"Casablanca-Settat",2024-04-06,0.355849282902746,-0.0787755370303656,1.41966486565043
"Rabat-Salé-Kénitra",2024-04-06,0.501768559465764,0.0756758580184328,0.7233326984864
"Fès-Meknès",2024-04-14,0.279891995482969,-0.0448323732367982,0.720630866207458
"Guelmim-Oued Noun",2024-04-14,0.101924328146687,-0.127128157713183,-3.11961682669424
"Laâyoune-Sakia El Hamra",2024-04-14,0.0952841526310314,-0.117892119782481,-4.02546407425742
"Souss-Massa",2024-04-14,0.103910993748164,-0.11474167502649,-2.06800486561335
"Dakhla-Oued Ed-Dahab",2024-04-14,0.089268987345118,-0.10077670987509,-5.91099922575394
"Tanger-Tétouan-Al Hoceima",2024-04-14,0.580123029784907,0.183409147937479,0.520155764362873
"Drâa-Tafilalet",2024-04-14,0.103828480896297,-0.125694248333963,-3.25971347935531
"Marrakech-Safi",2024-04-14,0.179379103278726,-0.0885703220110177,2.23002752320595
"l'Oriental",2024-04-14,0.120626708612804,-0.117170311821781,3.71890046251954
"Béni Mellal-Khénifra",2024-04-14,0.25236528377625,-0.0590199390141497,1.40791883445362
"Casablanca-Settat",2024-04-14,0.305668838232316,-0.106884472498825,1.95422497125962
"Rabat-Salé-Kénitra",2024-04-14,0.462443387465156,0.0575307734274108,0.768266155725158
"Fès-Meknès",2024-04-22,0.276493960226069,-0.0578763679940096,0.786155474362286
"Guelmim-Oued Noun",2024-04-22,0.102877494209186,-0.127628133346764,-3.32436765111148
"Laâyoune-Sakia El Hamra",2024-04-22,0.0969148198223196,-0.119671814427712,-5.26950618789738
"Souss-Massa",2024-04-22,0.100006276598385,-0.114049587119974,-2.37030224934007
"Dakhla-Oued Ed-Dahab",2024-04-22,0.0903418151641174,-0.103946610094067,-5.80587061738252
"Tanger-Tétouan-Al Hoceima",2024-04-22,0.547388143272763,0.146221918741696,0.580194567501866
"Drâa-Tafilalet",2024-04-22,0.104898319478337,-0.128466341015893,-3.37238252452405
"Marrakech-Safi",2024-04-22,0.175054850731522,-0.0932325007485723,2.32167671339411
"l'Oriental",2024-04-22,0.122655844502161,-0.128712630417157,-5.47605141843283
"Béni Mellal-Khénifra",2024-04-22,0.257720523902639,-0.0735586896817647,1.50006267003875
"Casablanca-Settat",2024-04-22,0.285356327284334,-0.128589261624329,2.45072234503612
"Rabat-Salé-Kénitra",2024-04-22,0.434927625073355,0.0122940170013511,0.931150347029692
"Fès-Meknès",2024-04-30,0.262689350595151,-0.0708845827490548,0.868368501035014
"Guelmim-Oued Noun",2024-04-30,0.103735058025533,-0.12235698360645,-2.83969156429495
"Laâyoune-Sakia El Hamra",2024-04-30,0.0965725595830486,-0.121043237704346,-4.53749997948324
"Souss-Massa",2024-04-30,0.105567420119199,-0.117533594876693,-2.15637910895479
"Dakhla-Oued Ed-Dahab",2024-04-30,0.0914875539752527,-0.10946269133544,-6.13390623958531
"Tanger-Tétouan-Al Hoceima",2024-04-30,0.518740556467322,0.121834040958887,0.620015171095368
"Drâa-Tafilalet",2024-04-30,0.109852745250791,-0.131403785645728,-3.20239847626592
"Marrakech-Safi",2024-04-30,0.167874147637689,-0.0893233563913866,2.48170660015599
"l'Oriental",2024-04-30,0.120312126439494,-0.120832117337917,1.44907592471585
"Béni Mellal-Khénifra",2024-04-30,0.233435436151242,-0.0842011553830978,1.65465672393396
"Casablanca-Settat",2024-04-30,0.240095474008487,-0.14714586410293,3.5976538783802
"Rabat-Salé-Kénitra",2024-04-30,0.366564593491658,-0.0442296016904824,1.25712574317932
"Fès-Meknès",2024-05-08,0.250119422583411,-0.0762893184195272,1.00534497837142
"Guelmim-Oued Noun",2024-05-08,0.10392085819554,-0.123767890742584,-2.91942520325492
"Laâyoune-Sakia El Hamra",2024-05-08,0.0953189285610713,-0.119767653451889,-3.97796595075335
"Souss-Massa",2024-05-08,0.101613180370836,-0.125602343026677,-2.70788260258087
"Dakhla-Oued Ed-Dahab",2024-05-08,0.0885300739290869,-0.102647213320471,-5.69388580699253
"Tanger-Tétouan-Al Hoceima",2024-05-08,0.501366584255492,0.124509912905563,0.599852943526979
"Drâa-Tafilalet",2024-05-08,0.109047269224796,-0.130893367841784,-3.16980614250736
"Marrakech-Safi",2024-05-08,0.164521791979794,-0.104086788194546,2.42313508154591
"l'Oriental",2024-05-08,0.118265274960045,-0.117722330820572,2.13589999673747
"Béni Mellal-Khénifra",2024-05-08,0.230748595720232,-0.0849103298394808,1.57213975754225
"Casablanca-Settat",2024-05-08,0.213950314695602,-0.138398104275461,3.3219100110283
"Rabat-Salé-Kénitra",2024-05-08,0.327237171665389,-0.0409246635618938,1.26390826918964
"Fès-Meknès",2024-05-16,0.23225403197363,-0.0906421737761526,1.17859650122974
"Guelmim-Oued Noun",2024-05-16,0.102093159730505,-0.124546674757024,-3.00047587113012
"Laâyoune-Sakia El Hamra",2024-05-16,0.0954433883326839,-0.119095263449076,-3.98015332873664
"Souss-Massa",2024-05-16,0.104310666669874,-0.117798786931313,-2.25497761451506
"Dakhla-Oued Ed-Dahab",2024-05-16,0.0884132164081837,-0.110106485505794,-5.69815179058989
"Tanger-Tétouan-Al Hoceima",2024-05-16,0.470567730638512,0.0788304606845537,0.706416972164016
"Drâa-Tafilalet",2024-05-16,0.107071454159456,-0.129285079974229,-3.35927766350325
"Marrakech-Safi",2024-05-16,0.160664840801302,-0.0991293025528424,2.78668752082683
"l'Oriental",2024-05-16,0.116072682676458,-0.124240235875155,-6.55228191274407
"Béni Mellal-Khénifra",2024-05-16,0.216873765269357,-0.0896064934507179,1.75537585803616
"Casablanca-Settat",2024-05-16,0.215774441214253,-0.157337295885044,3.89338765240585
"Rabat-Salé-Kénitra",2024-05-16,0.296186942726254,-0.0711506305632117,1.57383320167907
"Fès-Meknès",2024-05-24,0.206495295694762,-0.0867384212124141,1.30034915743662
"Guelmim-Oued Noun",2024-05-24,0.101386875835982,-0.128518295584427,-3.20289918514607
"Laâyoune-Sakia El Hamra",2024-05-24,0.0950115633421859,-0.12287322123796,-4.6021877087469
"Souss-Massa",2024-05-24,0.104385035261708,-0.122477628115887,-2.59524625740926
"Dakhla-Oued Ed-Dahab",2024-05-24,0.0893791577892908,-0.110191472225038,-5.75603166694641
"Tanger-Tétouan-Al Hoceima",2024-05-24,0.386743906047748,0.0425212459703426,0.796581998699351
"Drâa-Tafilalet",2024-05-24,0.104237135644776,-0.124272226446961,-3.17800907294937
"Marrakech-Safi",2024-05-24,0.154019384609609,-0.105913198710924,2.18734486449586
"l'Oriental",2024-05-24,0.119116785486954,-0.122024391797321,-4.88960093770713
"Béni Mellal-Khénifra",2024-05-24,0.208575053847885,-0.0863658241452636,1.69035464942952
"Casablanca-Settat",2024-05-24,0.19686591245457,-0.160269945379186,3.3666200927012
"Rabat-Salé-Kénitra",2024-05-24,0.266189539956475,-0.0745182195772338,1.72979730135887
"Fès-Meknès",2024-06-01,0.198413426428536,-0.0954205151220918,1.57948855364762
"Guelmim-Oued Noun",2024-06-01,0.0994692517289828,-0.124201714768664,-3.24512625845035
"Laâyoune-Sakia El Hamra",2024-06-01,0.0941995952839932,-0.120532533463374,-4.20198096561327
"Souss-Massa",2024-06-01,0.10223260242926,-0.12157623564568,-2.61083580180929
"Dakhla-Oued Ed-Dahab",2024-06-01,0.0889180159151752,-0.10862149875233,-6.05128574403927
"Tanger-Tétouan-Al Hoceima",2024-06-01,0.369631597344873,0.00903869155211635,0.948569516891924
"Drâa-Tafilalet",2024-06-01,0.102485863242416,-0.129064838302422,-3.41934384742318
"Marrakech-Safi",2024-06-01,0.154020644176816,-0.108973974122944,1.95204454515407
"l'Oriental",2024-06-01,0.117628864072888,-0.126119598832985,-6.30779718616906
"Béni Mellal-Khénifra",2024-06-01,0.198176802928744,-0.0913851805521528,1.84069504730245
"Casablanca-Settat",2024-06-01,0.195584779762796,-0.164516150686728,3.21969545192815
"Rabat-Salé-Kénitra",2024-06-01,0.251695631218649,-0.0888774969378189,2.03501292825913
"Fès-Meknès",2024-06-09,0.188479294329971,-0.107017155988169,1.79248868914458
"Guelmim-Oued Noun",2024-06-09,0.102136439747372,-0.128114898588794,-3.02396148931789
"Laâyoune-Sakia El Hamra",2024-06-09,0.0947375969534759,-0.124788009754969,-4.77429755775534
"Souss-Massa",2024-06-09,0.103375436496435,-0.125811270737118,-2.68083006550697
"Dakhla-Oued Ed-Dahab",2024-06-09,0.0877698059052235,-0.111172056189453,-5.90473212366859
"Tanger-Tétouan-Al Hoceima",2024-06-09,0.352217367193993,-0.0113899385060666,1.05694583422256
"Drâa-Tafilalet",2024-06-09,0.103495906046075,-0.129006475038042,-3.51214484198206
"Marrakech-Safi",2024-06-09,0.154794790836364,-0.105729936365348,2.26348309230537
"l'Oriental",2024-06-09,0.118740684715586,-0.12616773117114,-6.17802610723385
"Béni Mellal-Khénifra",2024-06-09,0.195085497338058,-0.0942697565852451,1.8914240979329
"Casablanca-Settat",2024-06-09,0.201950267042948,-0.161459462336243,3.45846002777156
"Rabat-Salé-Kénitra",2024-06-09,0.241295553437227,-0.101663127797739,2.35178290129436
"Fès-Meknès",2024-06-17,0.182648492302336,-0.114614409518334,1.82844284660339
"Guelmim-Oued Noun",2024-06-17,0.10083911353853,-0.13100415523451,-3.22643718860225
"Laâyoune-Sakia El Hamra",2024-06-17,0.0930534068812982,-0.120352835197667,-3.85074213935336
"Souss-Massa",2024-06-17,0.10119900115793,-0.125588373361795,-2.84354056650653
"Dakhla-Oued Ed-Dahab",2024-06-17,0.0879413069694673,-0.109712318503123,-6.04227103544154
"Tanger-Tétouan-Al Hoceima",2024-06-17,0.348993226636012,-0.0320502268932164,1.18287703480421
"Drâa-Tafilalet",2024-06-17,0.101987212132905,-0.128752514417669,-3.64160511318369
"Marrakech-Safi",2024-06-17,0.154361915399633,-0.113583404073183,2.05222728442278
"l'Oriental",2024-06-17,0.116231205306412,-0.123998379514416,-6.3679304356507
"Béni Mellal-Khénifra",2024-06-17,0.189118877170404,-0.104442960834654,1.97269863174114
"Casablanca-Settat",2024-06-17,0.203386763766414,-0.181738100896871,1.97409851758498
"Rabat-Salé-Kénitra",2024-06-17,0.237035808702328,-0.123885086014067,2.90769004465991
"Fès-Meknès",2024-06-25,0.180215902491596,-0.110657297042864,1.96174134261908
"Guelmim-Oued Noun",2024-06-25,0.100400730309049,-0.125848851355807,-3.18926335003605
"Laâyoune-Sakia El Hamra",2024-06-25,0.0925680895976754,-0.124053087202402,-4.58253812984027
"Souss-Massa",2024-06-25,0.102717942112091,-0.125301755430216,-2.77320543057068
"Dakhla-Oued Ed-Dahab",2024-06-25,0.0860519485927004,-0.111243440663299,-5.87405743342304
"Tanger-Tétouan-Al Hoceima",2024-06-25,0.355146149806119,-0.0304935248008953,1.16767897858472
"Drâa-Tafilalet",2024-06-25,0.104096133394657,-0.128914628970648,-3.4466761878045
"Marrakech-Safi",2024-06-25,0.152126819672387,-0.111314351124686,2.22599346926369
"l'Oriental",2024-06-25,0.119596341589334,-0.127937862718578,-6.98298753107134
"Béni Mellal-Khénifra",2024-06-25,0.194408908806039,-0.110338073048628,1.93698875199436
"Casablanca-Settat",2024-06-25,0.205889422141538,-0.185795013841792,1.83492861422127
"Rabat-Salé-Kénitra",2024-06-25,0.240526041301735,-0.12576691647,2.86136045528264
"Fès-Meknès",2024-07-03,0.176119527430022,-0.113404501957262,1.76838899233285
"Guelmim-Oued Noun",2024-07-03,0.102341506007489,-0.1320339279425,-3.32350619286788
"Laâyoune-Sakia El Hamra",2024-07-03,0.0952012338980262,-0.122581857258406,-3.99925463896771
"Souss-Massa",2024-07-03,0.104255605799515,-0.128929127873894,-2.95680860469808
"Dakhla-Oued Ed-Dahab",2024-07-03,0.0884799602937168,-0.111544299852339,-5.95081986707011
"Tanger-Tétouan-Al Hoceima",2024-07-03,0.336745791261559,-0.0319199020255929,1.18414642801009
"Drâa-Tafilalet",2024-07-03,0.105678745095825,-0.131064057602439,-3.44784290343132
"Marrakech-Safi",2024-07-03,0.152608045382364,-0.116618668185682,1.9089161753339
"l'Oriental",2024-07-03,0.119640232077516,-0.127728045319306,-6.83427077663931
"Béni Mellal-Khénifra",2024-07-03,0.186572857004309,-0.105203937296933,1.96683823462835
"Casablanca-Settat",2024-07-03,0.201873374048745,-0.190656881135938,-2.42480544525868
"Rabat-Salé-Kénitra",2024-07-03,0.232966613932316,-0.122907662484203,2.89792645622408
"Fès-Meknès",2024-07-11,0.16461368695505,-0.107514393074872,1.65896801619879
"Guelmim-Oued Noun",2024-07-11,0.0973934709923736,-0.126879721946399,-3.37292270685717
"Laâyoune-Sakia El Hamra",2024-07-11,0.0890182712583033,-0.117094209257368,-5.33655950734243
"Souss-Massa",2024-07-11,0.0977580143469148,-0.121440662983271,-2.92071349466592
"Dakhla-Oued Ed-Dahab",2024-07-11,0.0817691082156889,-0.104459807014138,-6.21845119325361
"Tanger-Tétouan-Al Hoceima",2024-07-11,0.321105435570912,-0.0299040354894583,1.18123400722138
"Drâa-Tafilalet",2024-07-11,0.0972828866555336,-0.126110483067078,-3.68104260473265
"Marrakech-Safi",2024-07-11,0.145788858586096,-0.11074315213243,2.20135901835161
"l'Oriental",2024-07-11,0.111669305935397,-0.123840376705016,-9.65114969159659
"Béni Mellal-Khénifra",2024-07-11,0.170787240971005,-0.099428977290601,1.91425678055554
"Casablanca-Settat",2024-07-11,0.19438199186782,-0.184365540195757,-2.42912285712852
"Rabat-Salé-Kénitra",2024-07-11,0.222195564621023,-0.121775463493004,3.00343356995391
"Fès-Meknès",2024-07-19,0.166810403890164,-0.114560184248198,1.62863558755709
"Guelmim-Oued Noun",2024-07-19,0.0918261974396578,-0.126256234786888,-4.21506189828241
"Laâyoune-Sakia El Hamra",2024-07-19,0.0865589243165929,-0.120261572349587,-4.89418885859161
"Souss-Massa",2024-07-19,0.0905018210887159,-0.119601175402204,-3.28609313503118
"Dakhla-Oued Ed-Dahab",2024-07-19,0.0831993033780395,-0.109658044066832,-5.79253918657701
"Tanger-Tétouan-Al Hoceima",2024-07-19,0.325819862107774,-0.0375661301530269,1.22527433535157
"Drâa-Tafilalet",2024-07-19,0.0968733365120012,-0.129211965096506,-3.84891925553728
"Marrakech-Safi",2024-07-19,0.14499045760979,-0.115803017702806,1.61270482941304
"l'Oriental",2024-07-19,0.119184592153781,-0.13057757766342,-10.2890239405225
"Béni Mellal-Khénifra",2024-07-19,0.180791410436309,-0.111996927681857,1.88474515813329
"Casablanca-Settat",2024-07-19,0.196575674839326,-0.191266744450342,-4.18759160294544
"Rabat-Salé-Kénitra",2024-07-19,0.2301788916399,-0.130037999838425,2.99192735614294
"Fès-Meknès",2024-07-27,0.165629699203619,-0.115965400333839,1.50413774895388
"Guelmim-Oued Noun",2024-07-27,0.100563985731126,-0.129743491781297,-3.6815181883137
"Laâyoune-Sakia El Hamra",2024-07-27,0.0931143243814917,-0.123238627060064,-4.84998267559346
"Souss-Massa",2024-07-27,0.100492445984515,-0.121794221515268,-3.05398651929452
"Dakhla-Oued Ed-Dahab",2024-07-27,0.0867268496979863,-0.110835571132756,-5.90228070506442
"Tanger-Tétouan-Al Hoceima",2024-07-27,0.321261369321938,-0.0285035132974906,1.15361663186244
"Drâa-Tafilalet",2024-07-27,0.103015682332266,-0.131855772683109,-3.67645954064746
"Marrakech-Safi",2024-07-27,0.142493812111824,-0.109496698642578,1.61994387459544
"l'Oriental",2024-07-27,0.118239478102102,-0.127243053840155,-6.70563365608459
"Béni Mellal-Khénifra",2024-07-27,0.176250892487989,-0.0998283261163989,1.80184162971888
"Casablanca-Settat",2024-07-27,0.18902687280172,-0.181991751286887,-3.50414314392912
"Rabat-Salé-Kénitra",2024-07-27,0.222582436919158,-0.123431530313434,2.85113883236053
"Fès-Meknès",2024-08-04,0.164726412933241,-0.116392679080603,1.63889113149004
"Guelmim-Oued Noun",2024-08-04,0.0987788074740518,-0.128743142919904,-3.75547743733146
"Laâyoune-Sakia El Hamra",2024-08-04,0.0904112783723235,-0.122303858476883,-4.82662140007115
"Souss-Massa",2024-08-04,0.0979789031043699,-0.124427873535756,-3.02613650200229
"Dakhla-Oued Ed-Dahab",2024-08-04,0.0822391406901863,-0.110469604175107,-5.68371345798532
"Tanger-Tétouan-Al Hoceima",2024-08-04,0.322990843009313,-0.0354350486925457,1.21154513031081
"Drâa-Tafilalet",2024-08-04,0.100313600612685,-0.127819769760932,-3.59949104019027
"Marrakech-Safi",2024-08-04,0.144701065307833,-0.112778253017803,1.90211504410174
"l'Oriental",2024-08-04,0.119759324863327,-0.129073842338839,-8.12860581778132
"Béni Mellal-Khénifra",2024-08-04,0.177735304307885,-0.112514851986475,1.79977846879221
"Casablanca-Settat",2024-08-04,0.192232871700592,-0.18898871815014,-4.60236925541995
"Rabat-Salé-Kénitra",2024-08-04,0.224218856603419,-0.12804388591737,2.93914576846569
"Fès-Meknès",2024-08-12,0.165076069587167,-0.120904870728048,1.63473726407456
"Guelmim-Oued Noun",2024-08-12,0.0994026524700609,-0.132777962191962,-3.91146593905884
"Laâyoune-Sakia El Hamra",2024-08-12,0.092576484842024,-0.122593032847426,-4.45040535276394
"Souss-Massa",2024-08-12,0.0964486349144992,-0.118912492982936,-3.14773827397552
"Dakhla-Oued Ed-Dahab",2024-08-12,0.0866881330637304,-0.109415769731329,-5.89448243714386
"Tanger-Tétouan-Al Hoceima",2024-08-12,0.320173657085531,-0.0463552115803279,1.26772925349191
"Drâa-Tafilalet",2024-08-12,0.100803235448655,-0.131837956945749,-3.65836721162981
"Marrakech-Safi",2024-08-12,0.138965587645364,-0.108061319771949,1.52907378407763
"l'Oriental",2024-08-12,0.115054823989978,-0.127090463436926,-10.1145399926672
"Béni Mellal-Khénifra",2024-08-12,0.169078041297179,-0.106878533305603,1.78594295002876
"Casablanca-Settat",2024-08-12,0.177474663571201,-0.183129747114977,-5.7533598155495
"Rabat-Salé-Kénitra",2024-08-12,0.214542402002375,-0.129334836265504,2.95394687085557
"Fès-Meknès",2024-08-20,0.162573138318137,-0.115914377822493,1.59564520652096
"Guelmim-Oued Noun",2024-08-20,0.0849330932345217,-0.109878668587428,-4.0393837742226
"Laâyoune-Sakia El Hamra",2024-08-20,0.0908850879438087,-0.126300657188198,-5.25210073697728
"Souss-Massa",2024-08-20,0.0939208831705946,-0.109369331482766,-3.18874240606606
"Dakhla-Oued Ed-Dahab",2024-08-20,0.0833972648519452,-0.113926540833523,-5.47595894337616
"Tanger-Tétouan-Al Hoceima",2024-08-20,0.301132015744518,-0.0284663696843697,1.16181552694949
"Drâa-Tafilalet",2024-08-20,0.0996167744435269,-0.131679228898926,-3.65227541180854
"Marrakech-Safi",2024-08-20,0.136428201181109,-0.109045137502791,1.51700959558459
"l'Oriental",2024-08-20,0.118282601582844,-0.133951129478935,-10.0770852962762
"Béni Mellal-Khénifra",2024-08-20,0.173728818008828,-0.109620493425604,1.70129588485431
"Casablanca-Settat",2024-08-20,0.16860996083721,-0.177174570526337,-5.66693746667292
"Rabat-Salé-Kénitra",2024-08-20,0.201486771878115,-0.115322976739027,2.82771072658362
"Fès-Meknès",2024-08-28,0.169730167552207,-0.117387628322835,1.71729016593068
"Guelmim-Oued Noun",2024-08-28,0.0990114205912685,-0.130453931406283,-3.69799755789629
"Laâyoune-Sakia El Hamra",2024-08-28,0.0921491859865669,-0.122091726415542,-4.50598410882662
"Souss-Massa",2024-08-28,0.100646532844385,-0.131348506039196,-3.11084116359935
"Dakhla-Oued Ed-Dahab",2024-08-28,0.084346193812575,-0.111153304684695,-5.63897428203096
"Tanger-Tétouan-Al Hoceima",2024-08-28,0.325704039142242,-0.0364539380857548,1.18300702554372
"Drâa-Tafilalet",2024-08-28,0.0948678551282637,-0.124085653723451,-3.71404758795499
"Marrakech-Safi",2024-08-28,0.138195903773017,-0.116548998328472,1.33967963307363
"l'Oriental",2024-08-28,0.112601692597925,-0.125662290937094,-9.8098551366421
"Béni Mellal-Khénifra",2024-08-28,0.178731185166406,-0.115904684415992,1.72717127442971
"Casablanca-Settat",2024-08-28,0.189083422658522,-0.19131930315389,-5.58486124860298
"Rabat-Salé-Kénitra",2024-08-28,0.222885748155622,-0.131094118064666,2.77127223082387
"Fès-Meknès",2024-09-05,0.169704412051372,-0.124779318575597,1.56721642608931
"Guelmim-Oued Noun",2024-09-05,0.100261807790292,-0.127967400326395,-3.51340286530862
"Laâyoune-Sakia El Hamra",2024-09-05,0.0926017813961293,-0.121684299653455,-4.00632055022673
"Souss-Massa",2024-09-05,0.102734009369891,-0.125788226904597,-2.73286045095508
"Dakhla-Oued Ed-Dahab",2024-09-05,0.0854795194158912,-0.108942550365597,-5.9199785135931
"Tanger-Tétouan-Al Hoceima",2024-09-05,0.332792836331685,-0.0535180865594398,1.27584445454586
"Drâa-Tafilalet",2024-09-05,0.104251370263971,-0.134483350641735,-3.26717971120814
"Marrakech-Safi",2024-09-05,0.151219519009867,-0.111968602726862,2.41952153322816
"l'Oriental",2024-09-05,0.127149102656248,-0.116484031134823,1.22968903500651
"Béni Mellal-Khénifra",2024-09-05,0.18547894815622,-0.122750021881488,1.79308194068264
"Casablanca-Settat",2024-09-05,0.203841118674052,-0.191559788386029,-3.06864309343063
"Rabat-Salé-Kénitra",2024-09-05,0.233619391790559,-0.140022385938904,2.68743171862539
"Fès-Meknès",2024-09-13,0.167520566555418,-0.115990970939587,2.15583377283639
"Guelmim-Oued Noun",2024-09-13,0.0985276296069959,-0.129623838064756,-3.62375736649197
"Laâyoune-Sakia El Hamra",2024-09-13,0.0845021606735203,-0.111134908355157,-5.1916254621092
"Souss-Massa",2024-09-13,0.0942519794085963,-0.121649250898535,-3.07322686455821
"Dakhla-Oued Ed-Dahab",2024-09-13,0.0842019555402534,-0.10849266600895,-5.59616675857318
"Tanger-Tétouan-Al Hoceima",2024-09-13,0.313574374698901,-0.0405680164760947,1.19992420291904
"Drâa-Tafilalet",2024-09-13,0.101698547573006,-0.128553274700148,-3.48787987895651
"Marrakech-Safi",2024-09-13,0.140840722106808,-0.111676118458542,1.61106832412548
"l'Oriental",2024-09-13,0.123196544234321,-0.128593418424337,-4.59825859878915
"Béni Mellal-Khénifra",2024-09-13,0.174490260107045,-0.111592037195464,1.68868219532263
"Casablanca-Settat",2024-09-13,0.1807635659507,-0.188083218664096,-5.82913464985451
"Rabat-Salé-Kénitra",2024-09-13,0.209870900298549,-0.130403299002115,2.69157754119305
"Fès-Meknès",2024-09-21,0.179338465665939,-0.127798068836584,1.91997957316938
"Guelmim-Oued Noun",2024-09-21,0.10206865059098,-0.137268391875556,-3.9647346608583
"Laâyoune-Sakia El Hamra",2024-09-21,0.0890663111318058,-0.122853321485668,-4.40466750286981
"Souss-Massa",2024-09-21,0.105771613046829,-0.13781636455281,-3.09083785149585
"Dakhla-Oued Ed-Dahab",2024-09-21,0.0803447267510803,-0.108920933564745,-5.32361061503551
"Tanger-Tétouan-Al Hoceima",2024-09-21,0.34364118532308,-0.0452986115523956,1.18736103893803
"Drâa-Tafilalet",2024-09-21,0.114165849019285,-0.135072173650033,-3.3356001578409
"Marrakech-Safi",2024-09-21,0.152153862995302,-0.122359903712804,1.5198336534329
"l'Oriental",2024-09-21,0.122969890459165,-0.132288537178722,-7.17770022221827
"Béni Mellal-Khénifra",2024-09-21,0.186704211870031,-0.121983892956447,1.80955882878832
"Casablanca-Settat",2024-09-21,0.203504642388976,-0.206073815982666,-5.73398526641128
"Rabat-Salé-Kénitra",2024-09-21,0.232003448975673,-0.144489952396393,2.61195314680946
"Fès-Meknès",2024-09-29,0.172757252204206,-0.128183096241787,1.79556643147106
"Guelmim-Oued Noun",2024-09-29,0.100398560134669,-0.134375613700699,-3.55113876553554
"Laâyoune-Sakia El Hamra",2024-09-29,0.0943849817065993,-0.12621214225064,-4.68305960396413
"Souss-Massa",2024-09-29,0.102802767367772,-0.129667803710467,-3.06082950221588
"Dakhla-Oued Ed-Dahab",2024-09-29,0.0842252049247797,-0.109683350779693,-5.83062761316646
"Tanger-Tétouan-Al Hoceima",2024-09-29,0.324965968958664,-0.0658136005549249,1.31240893075259
"Drâa-Tafilalet",2024-09-29,0.113501954491101,-0.131792376744644,-3.30973508535854
"Marrakech-Safi",2024-09-29,0.145934976224098,-0.115267691135593,1.43007347479311
"l'Oriental",2024-09-29,0.122854581626815,-0.126410523777895,-4.64891317158276
"Béni Mellal-Khénifra",2024-09-29,0.185447041045072,-0.121229166232592,1.65660479834888
"Casablanca-Settat",2024-09-29,0.189474482106754,-0.196601611893141,-5.99212021449845
"Rabat-Salé-Kénitra",2024-09-29,0.225003067551466,-0.148908624788919,2.52094397122376
"Fès-Meknès",2024-10-07,0.17712396443246,-0.121589358875488,2.03156690544962
"Guelmim-Oued Noun",2024-10-07,0.0991344370280956,-0.131090850546022,-3.80496733205333
"Laâyoune-Sakia El Hamra",2024-10-07,0.0940461776732988,-0.127052372426444,-5.42165564154991
"Souss-Massa",2024-10-07,0.104691673424872,-0.131499937632944,-3.20417345662935
"Dakhla-Oued Ed-Dahab",2024-10-07,0.0851771298628264,-0.114705887119132,-5.63932926103152
"Tanger-Tétouan-Al Hoceima",2024-10-07,0.311496415883272,-0.0569154673802387,1.21989485765276
"Drâa-Tafilalet",2024-10-07,0.120770213269822,-0.126112824038226,-2.53828199507259
"Marrakech-Safi",2024-10-07,0.149135160552154,-0.112190704854644,1.64376596107704
"l'Oriental",2024-10-07,0.126004689586575,-0.12540263622986,1.09653695446071
"Béni Mellal-Khénifra",2024-10-07,0.186940923481395,-0.115209286468069,1.67868696291797
"Casablanca-Settat",2024-10-07,0.198218637534861,-0.188301758111386,-2.70400874525354
"Rabat-Salé-Kénitra",2024-10-07,0.231775805233497,-0.140204918329728,2.53289460406857
"Fès-Meknès",2024-10-15,0.186342274924834,-0.118871410939716,2.35837654833997
"Guelmim-Oued Noun",2024-10-15,0.102801805481105,-0.13347838001651,-3.64448323485401
"Laâyoune-Sakia El Hamra",2024-10-15,0.0963757049114408,-0.124782915123431,-5.40864559431702
"Souss-Massa",2024-10-15,0.112232173934062,-0.130254392210057,-2.88808902115361
"Dakhla-Oued Ed-Dahab",2024-10-15,0.0843457735664968,-0.110913033068929,-5.50813025703757
"Tanger-Tétouan-Al Hoceima",2024-10-15,0.367292804277619,-0.0608504340362319,1.18373799241551
"Drâa-Tafilalet",2024-10-15,0.130999141111711,-0.119261169575681,1.69031653189631
"Marrakech-Safi",2024-10-15,0.153859999162804,-0.117208794712155,1.36428939328212
"l'Oriental",2024-10-15,0.128622860262815,-0.119247113701657,4.0347994715024
"Béni Mellal-Khénifra",2024-10-15,0.197502870352353,-0.118174322496387,1.76438646128943
"Casablanca-Settat",2024-10-15,0.207620714006945,-0.204347774663219,-4.0532558835287
"Rabat-Salé-Kénitra",2024-10-15,0.239420929855218,-0.155133864487072,2.14957759504044
"Fès-Meknès",2024-10-23,0.181527605702461,-0.126593356811995,1.85600369967432
"Guelmim-Oued Noun",2024-10-23,0.100955509826321,-0.132206807485029,-3.32794652056189
"Laâyoune-Sakia El Hamra",2024-10-23,0.0951657759167829,-0.121120269380119,-5.97294773159382
"Souss-Massa",2024-10-23,0.11184613392912,-0.131924952323415,-3.14445947985197
"Dakhla-Oued Ed-Dahab",2024-10-23,0.0870058905904133,-0.108275045488935,-5.63133676446577
"Tanger-Tétouan-Al Hoceima",2024-10-23,0.354629877266509,-0.0567103988690793,1.21912223337345
"Drâa-Tafilalet",2024-10-23,0.134477079149593,-0.122952591388999,1.52000617190061
"Marrakech-Safi",2024-10-23,0.159409036572841,-0.116692150779488,1.48126765045126
"l'Oriental",2024-10-23,0.130231871783023,-0.123521610406685,2.7930988988683
"Béni Mellal-Khénifra",2024-10-23,0.207024351956878,-0.103466422129582,1.94996711283785
"Casablanca-Settat",2024-10-23,0.201569566716457,-0.192351285620569,1.08541142036006
"Rabat-Salé-Kénitra",2024-10-23,0.249842006512713,-0.144635086415982,2.07144479391534
"Fès-Meknès",2024-10-31,0.192145993008556,-0.120306231445445,1.80176675498087
"Guelmim-Oued Noun",2024-10-31,0.101784839121322,-0.133432211593175,-3.31043870707586
"Laâyoune-Sakia El Hamra",2024-10-31,0.0977868416447176,-0.125246707473058,-5.47246031472224
"Souss-Massa",2024-10-31,0.112805752781709,-0.12871343620126,-3.03124034079682
"Dakhla-Oued Ed-Dahab",2024-10-31,0.086877622546005,-0.113616709606887,-5.76591933017333
"Tanger-Tétouan-Al Hoceima",2024-10-31,0.40787117082916,-0.0352339521396883,1.09183873576811
"Drâa-Tafilalet",2024-10-31,0.136059055037578,-0.115910033260802,2.1924766978919
"Marrakech-Safi",2024-10-31,0.154773690045182,-0.11495856930954,1.59167524284715
"l'Oriental",2024-10-31,0.1315338133499,-0.121651336664275,3.38604437852687
"Béni Mellal-Khénifra",2024-10-31,0.203093177463387,-0.108585491955281,1.94233381814545
"Casablanca-Settat",2024-10-31,0.222098144096446,-0.190350595899608,1.98012048910286
"Rabat-Salé-Kénitra",2024-10-31,0.280506354616305,-0.144642728981445,1.89245811935839
"Fès-Meknès",2024-11-08,0.194984074429067,-0.109674928085062,1.84183227252329
"Guelmim-Oued Noun",2024-11-08,0.100601664293472,-0.136755086941087,-3.42990783023498
"Laâyoune-Sakia El Hamra",2024-11-08,0.09646459408936,-0.122874480032583,-5.42772031848955
"Souss-Massa",2024-11-08,0.114009762049966,-0.127790129903652,-2.97496611956353
"Dakhla-Oued Ed-Dahab",2024-11-08,0.0863269739700863,-0.108944221022275,-5.47516600932479
"Tanger-Tétouan-Al Hoceima",2024-11-08,0.449247894089804,0.00245684390405762,0.953219625476765
"Drâa-Tafilalet",2024-11-08,0.137684797698062,-0.117794565548602,2.05294781089586
"Marrakech-Safi",2024-11-08,0.155128556179049,-0.113415228772752,1.60984673376193
"l'Oriental",2024-11-08,0.133250656861078,-0.119105933109109,3.42454193428564
"Béni Mellal-Khénifra",2024-11-08,0.201419430882358,-0.109249324013298,1.90850840563044
"Casablanca-Settat",2024-11-08,0.222051396121763,-0.18197223846333,1.98907168492217
"Rabat-Salé-Kénitra",2024-11-08,0.305868152957793,-0.128957178524359,1.88551629106993
"Fès-Meknès",2024-11-16,0.221161358710333,-0.111820578741148,1.53553589416204
"Guelmim-Oued Noun",2024-11-16,0.101708128809491,-0.144319810078656,-3.81733749832339
"Laâyoune-Sakia El Hamra",2024-11-16,0.0972238951139249,-0.1263324158412,-5.60394045406206
"Souss-Massa",2024-11-16,0.114630905058807,-0.135807766910277,-2.91184596666093
"Dakhla-Oued Ed-Dahab",2024-11-16,0.086654869039981,-0.111336659339268,-5.71369934725533
"Tanger-Tétouan-Al Hoceima",2024-11-16,0.497336868184932,0.0282282474519274,0.866929149413277
"Drâa-Tafilalet",2024-11-16,0.142719025767916,-0.121770121785859,1.99460541096824
"Marrakech-Safi",2024-11-16,0.160807914788787,-0.114168471011881,1.31305711323367
"l'Oriental",2024-11-16,0.136703496842923,-0.119462863632172,3.66886795773109
"Béni Mellal-Khénifra",2024-11-16,0.235127898962731,-0.0934635544416351,1.75427788603265
"Casablanca-Settat",2024-11-16,0.242333803879705,-0.18159526760706,2.63022249472396
"Rabat-Salé-Kénitra",2024-11-16,0.314871242759621,-0.13294298669676,1.78344529114218
"Fès-Meknès",2024-11-24,0.202954181601993,-0.111124032745801,1.58029614717976
"Guelmim-Oued Noun",2024-11-24,0.0985706668486564,-0.131418944724585,-3.19399572878449
"Laâyoune-Sakia El Hamra",2024-11-24,0.0945375200799443,-0.11613530419785,-4.7184882799057
"Souss-Massa",2024-11-24,0.113457992802505,-0.126694920681425,-2.71483453548859
"Dakhla-Oued Ed-Dahab",2024-11-24,0.0854206414367928,-0.109348767083696,-5.09536572508962
"Tanger-Tétouan-Al Hoceima",2024-11-24,0.447009416471563,0.0227185239475405,0.870221507597844
"Drâa-Tafilalet",2024-11-24,0.139415389389842,-0.116156744999452,2.14929933211851
"Marrakech-Safi",2024-11-24,0.152623185094394,-0.108848635423482,1.75879113331571
"l'Oriental",2024-11-24,0.132949204172736,-0.116132713418264,3.15942095827878
"Béni Mellal-Khénifra",2024-11-24,0.211362714838952,-0.109241721766267,1.80236556784716
"Casablanca-Settat",2024-11-24,0.210833954411685,-0.187279984750832,1.62904244756584
"Rabat-Salé-Kénitra",2024-11-24,0.269818910975784,-0.141166768935529,1.85429533188722
"Fès-Meknès",2024-12-02,0.198945081740208,-0.111446947222513,1.61845589487273
"Guelmim-Oued Noun",2024-12-02,0.102366917527342,-0.135764811466949,-3.3484427535434
"Laâyoune-Sakia El Hamra",2024-12-02,0.0990653805525189,-0.124790989450633,-5.18512959660518
"Souss-Massa",2024-12-02,0.119353679062042,-0.128736180438251,-2.65781962652045
"Dakhla-Oued Ed-Dahab",2024-12-02,0.0877636072650958,-0.111001808607574,-5.42745687724023
"Tanger-Tétouan-Al Hoceima",2024-12-02,0.478752289118004,0.0297678110568431,0.851980245102012
"Drâa-Tafilalet",2024-12-02,0.143736853808113,-0.114120501757981,2.41759554225369
"Marrakech-Safi",2024-12-02,0.15609294926108,-0.113340385032891,1.64818300023808
"l'Oriental",2024-12-02,0.134481021472915,-0.119763314791409,3.04239390030784
"Béni Mellal-Khénifra",2024-12-02,0.217101124025806,-0.101689598477937,1.73141040247226
"Casablanca-Settat",2024-12-02,0.221060544793959,-0.185575647992032,1.99714990662604
"Rabat-Salé-Kénitra",2024-12-02,0.29673404493908,-0.142401371778555,1.8052764430643
"Fès-Meknès",2024-12-10,0.205982704710969,-0.112686204508398,1.63443153773338
"Guelmim-Oued Noun",2024-12-10,0.101789937327614,-0.134865150853085,-3.36186776793069
"Laâyoune-Sakia El Hamra",2024-12-10,0.0973216058298475,-0.124019570965794,-5.37323432883503
"Souss-Massa",2024-12-10,0.118938596514977,-0.133488484071925,-2.82765909769897
"Dakhla-Oued Ed-Dahab",2024-12-10,0.086589250032874,-0.110136464430496,-5.25966505923859
"Tanger-Tétouan-Al Hoceima",2024-12-10,0.511016397800696,0.0314820367812138,0.852361118687884
"Drâa-Tafilalet",2024-12-10,0.142943167565822,-0.117919900932182,2.22830972843893
"Marrakech-Safi",2024-12-10,0.154057725309891,-0.109064012654977,1.71116661032909
"l'Oriental",2024-12-10,0.133380755660914,-0.119192082223975,2.83120871774121
"Béni Mellal-Khénifra",2024-12-10,0.214899318911477,-0.105195865869177,1.74589491690131
"Casablanca-Settat",2024-12-10,0.23137538258498,-0.198162334591277,1.61942827987792
"Rabat-Salé-Kénitra",2024-12-10,0.304356923734667,-0.14358809267786,1.75832540659129
"Fès-Meknès",2024-12-18,0.183973260218196,-0.107628523139882,1.94402098083306
"Guelmim-Oued Noun",2024-12-18,0.102095884595303,-0.138918819564316,-3.42619001977373
"Laâyoune-Sakia El Hamra",2024-12-18,0.0966970496602787,-0.124548274956343,-5.04507350973434
"Souss-Massa",2024-12-18,0.120317811562985,-0.133502672542756,-2.95704379039375
"Dakhla-Oued Ed-Dahab",2024-12-18,0.0839600797052817,-0.105540618634385,-5.47102432532443
"Tanger-Tétouan-Al Hoceima",2024-12-18,0.514363516295195,0.0480625098968018,0.81090264083051
"Drâa-Tafilalet",2024-12-18,0.149532429316967,-0.115897955958736,2.75851319635277
"Marrakech-Safi",2024-12-18,0.154468800407227,-0.105743290894575,1.52351763994135
"l'Oriental",2024-12-18,0.137868184522456,-0.1173704172481,4.26282068159838
"Béni Mellal-Khénifra",2024-12-18,0.227193581958574,-0.094369713938416,1.59371991359618
"Casablanca-Settat",2024-12-18,0.240467080107418,-0.19222135392249,1.87129810204984
"Rabat-Salé-Kénitra",2024-12-18,0.321528105555718,-0.111653959089833,1.65242708488044
"Fès-Meknès",2024-12-26,0.206321396516493,-0.120882198813998,1.56605196337758
"Guelmim-Oued Noun",2024-12-26,0.102823091213294,-0.134677221931299,-3.16897247574582
"Laâyoune-Sakia El Hamra",2024-12-26,0.0987046319553099,-0.124382254332079,-5.04440439655156
"Souss-Massa",2024-12-26,0.120016222869203,-0.130279768032535,-2.58948378779306
"Dakhla-Oued Ed-Dahab",2024-12-26,0.0866848587020983,-0.108858361005017,-5.44120126411801
"Tanger-Tétouan-Al Hoceima",2024-12-26,0.479773617494964,0.0177208028327648,0.892537474615493
"Drâa-Tafilalet",2024-12-26,0.144609186695356,-0.11856064951153,2.20576682729701
"Marrakech-Safi",2024-12-26,0.161798826268262,-0.0913604101034439,1.72846468762684
"l'Oriental",2024-12-26,0.135769736141087,-0.119860413299034,3.29937066329194
"Béni Mellal-Khénifra",2024-12-26,0.232933045195622,-0.0938537345654405,1.51746347337173
"Casablanca-Settat",2024-12-26,0.243325129368065,-0.20765106746219,1.72787859536481
"Rabat-Salé-Kénitra",2024-12-26,0.307492372748462,-0.129195528851735,1.613883153822
