nom_fr,year,month,day,date,NDDI_median
Fès-Meknès,2025,1,1,2025-01-01,5.343014591810295
Guelmim-Oued Noun,2025,1,1,2025-01-01,20.194078224835636
Laâyoune-Sakia El Hamra,2025,1,1,2025-01-01,38.726949661123264
Souss-Massa,2025,1,1,2025-01-01,13.19625396766212
Dakhla-Oued Ed-Dahab,2025,1,1,2025-01-01,11.186159006678505
Tanger-Tétouan-Al Hoceima,2025,1,1,2025-01-01,2.0136379958953183
Drâa-Tafilalet,2025,1,1,2025-01-01,14.907146977817511
Marrakech-Safi,2025,1,1,2025-01-01,7.875039800107636
l'Oriental,2025,1,1,2025-01-01,7.682384183348442
Béni Mellal-Khénifra,2025,1,1,2025-01-01,4.9738023400230205
Casablanca-Settat,2025,1,1,2025-01-01,11.076387774999288
Rabat-Salé-Kénitra,2025,1,1,2025-01-01,5.350831234082734
Fès-Meknès,2025,1,9,2025-01-09,5.447835487095017
Guelmim-Oued Noun,2025,1,9,2025-01-09,23.147777575376704
Laâyoune-Sakia El Hamra,2025,1,9,2025-01-09,27.199891794303678
Souss-Massa,2025,1,9,2025-01-09,12.569323723037312
Dakhla-Oued Ed-Dahab,2025,1,9,2025-01-09,10.629620205379892
Tanger-Tétouan-Al Hoceima,2025,1,9,2025-01-09,1.9838393127342615
Drâa-Tafilalet,2025,1,9,2025-01-09,9.414021876588405
Marrakech-Safi,2025,1,9,2025-01-09,8.658921659159251
l'Oriental,2025,1,9,2025-01-09,11.84922279668086
Béni Mellal-Khénifra,2025,1,9,2025-01-09,4.034959918309649
Casablanca-Settat,2025,1,9,2025-01-09,9.755840811593547
Rabat-Salé-Kénitra,2025,1,9,2025-01-09,3.8667299110521265
Fès-Meknès,2025,1,17,2025-01-17,6.869232759948057
Guelmim-Oued Noun,2025,1,17,2025-01-17,17.192820786403974
Laâyoune-Sakia El Hamra,2025,1,17,2025-01-17,20.87727746492908
Souss-Massa,2025,1,17,2025-01-17,9.739185919407364
Dakhla-Oued Ed-Dahab,2025,1,17,2025-01-17,8.977610485505235
Tanger-Tétouan-Al Hoceima,2025,1,17,2025-01-17,1.7160492838768742
Drâa-Tafilalet,2025,1,17,2025-01-17,10.45545354082202
Marrakech-Safi,2025,1,17,2025-01-17,7.722860406365406
l'Oriental,2025,1,17,2025-01-17,9.833618355871929
Béni Mellal-Khénifra,2025,1,17,2025-01-17,3.8438081372740323
Casablanca-Settat,2025,1,17,2025-01-17,8.877367721923873
Rabat-Salé-Kénitra,2025,1,17,2025-01-17,4.747883481195233
Fès-Meknès,2025,1,25,2025-01-25,4.958125967156791
Guelmim-Oued Noun,2025,1,25,2025-01-25,21.186631601908477
Laâyoune-Sakia El Hamra,2025,1,25,2025-01-25,51.028578287414135
Souss-Massa,2025,1,25,2025-01-25,26.139835742143774
Dakhla-Oued Ed-Dahab,2025,1,25,2025-01-25,8.878771006798985
Tanger-Tétouan-Al Hoceima,2025,1,25,2025-01-25,1.7524830585927822
Drâa-Tafilalet,2025,1,25,2025-01-25,7.231886408918509
Marrakech-Safi,2025,1,25,2025-01-25,8.12416057327924
l'Oriental,2025,1,25,2025-01-25,7.29425805902168
Béni Mellal-Khénifra,2025,1,25,2025-01-25,3.6295230654332884
Casablanca-Settat,2025,1,25,2025-01-25,6.022645285505216
Rabat-Salé-Kénitra,2025,1,25,2025-01-25,2.93720990122699
Fès-Meknès,2025,2,2,2025-02-02,4.104367369845663
Guelmim-Oued Noun,2025,2,2,2025-02-02,16.682619537555343
Laâyoune-Sakia El Hamra,2025,2,2,2025-02-02,22.13059207446946
Souss-Massa,2025,2,2,2025-02-02,19.771385693869203
Dakhla-Oued Ed-Dahab,2025,2,2,2025-02-02,12.360925042707095
Tanger-Tétouan-Al Hoceima,2025,2,2,2025-02-02,1.6631254120912873
Drâa-Tafilalet,2025,2,2,2025-02-02,12.408876363437205
Marrakech-Safi,2025,2,2,2025-02-02,7.194287480892226
l'Oriental,2025,2,2,2025-02-02,7.239140005951693
Béni Mellal-Khénifra,2025,2,2,2025-02-02,3.9991357372619896
Casablanca-Settat,2025,2,2,2025-02-02,8.208573595902708
Rabat-Salé-Kénitra,2025,2,2,2025-02-02,3.3006306508802994
Fès-Meknès,2025,2,10,2025-02-10,3.9153467557806843
Guelmim-Oued Noun,2025,2,10,2025-02-10,17.835905948424514
Laâyoune-Sakia El Hamra,2025,2,10,2025-02-10,26.13635567111247
Souss-Massa,2025,2,10,2025-02-10,10.985935315717272
Dakhla-Oued Ed-Dahab,2025,2,10,2025-02-10,11.03769673031958
Tanger-Tétouan-Al Hoceima,2025,2,10,2025-02-10,1.7072010971449285
Drâa-Tafilalet,2025,2,10,2025-02-10,9.629124147153723
Marrakech-Safi,2025,2,10,2025-02-10,8.217818760358721
l'Oriental,2025,2,10,2025-02-10,6.802411965380123
Béni Mellal-Khénifra,2025,2,10,2025-02-10,4.631634952087242
Casablanca-Settat,2025,2,10,2025-02-10,8.6377877360462
Rabat-Salé-Kénitra,2025,2,10,2025-02-10,2.3580989545029327
Fès-Meknès,2025,2,18,2025-02-18,3.7613393346253643
Guelmim-Oued Noun,2025,2,18,2025-02-18,16.372049825625155
Laâyoune-Sakia El Hamra,2025,2,18,2025-02-18,23.295174965398957
Souss-Massa,2025,2,18,2025-02-18,15.179403601724642
Dakhla-Oued Ed-Dahab,2025,2,18,2025-02-18,11.290636739510411
Tanger-Tétouan-Al Hoceima,2025,2,18,2025-02-18,1.1245661708782078
Drâa-Tafilalet,2025,2,18,2025-02-18,9.434685083319378
Marrakech-Safi,2025,2,18,2025-02-18,6.141501020540679
l'Oriental,2025,2,18,2025-02-18,7.290570229881396
Béni Mellal-Khénifra,2025,2,18,2025-02-18,3.055824503623562
Casablanca-Settat,2025,2,18,2025-02-18,4.367704757575184
Rabat-Salé-Kénitra,2025,2,18,2025-02-18,1.9178717670676366
Fès-Meknès,2025,2,26,2025-02-26,3.0199643187303824
Guelmim-Oued Noun,2025,2,26,2025-02-26,20.288900370629886
Laâyoune-Sakia El Hamra,2025,2,26,2025-02-26,22.588155840008334
Souss-Massa,2025,2,26,2025-02-26,12.708317005260513
Dakhla-Oued Ed-Dahab,2025,2,26,2025-02-26,8.11230091799226
Tanger-Tétouan-Al Hoceima,2025,2,26,2025-02-26,1.390811079189109
Drâa-Tafilalet,2025,2,26,2025-02-26,11.025674315044157
Marrakech-Safi,2025,2,26,2025-02-26,5.336055267634179
l'Oriental,2025,2,26,2025-02-26,5.843941643125507
Béni Mellal-Khénifra,2025,2,26,2025-02-26,2.541173576198875
Casablanca-Settat,2025,2,26,2025-02-26,2.4984163243952775
Rabat-Salé-Kénitra,2025,2,26,2025-02-26,1.722780584655598
Fès-Meknès,2025,3,6,2025-03-06,3.167174569111903
Guelmim-Oued Noun,2025,3,6,2025-03-06,33.98682820747671
Laâyoune-Sakia El Hamra,2025,3,6,2025-03-06,22.14145321891153
Souss-Massa,2025,3,6,2025-03-06,13.816658582826943
Dakhla-Oued Ed-Dahab,2025,3,6,2025-03-06,9.660834962322353
Tanger-Tétouan-Al Hoceima,2025,3,6,2025-03-06,1.1350785920453905
Drâa-Tafilalet,2025,3,6,2025-03-06,10.657118291265196
Marrakech-Safi,2025,3,6,2025-03-06,4.587622220790346
l'Oriental,2025,3,6,2025-03-06,5.8470928373177316
Béni Mellal-Khénifra,2025,3,6,2025-03-06,2.0976324035717324
Casablanca-Settat,2025,3,6,2025-03-06,1.9949427501881971
Rabat-Salé-Kénitra,2025,3,6,2025-03-06,1.3690005238192702
Fès-Meknès,2025,3,14,2025-03-14,3.5412608610337797
Guelmim-Oued Noun,2025,3,14,2025-03-14,19.352154755448698
Laâyoune-Sakia El Hamra,2025,3,14,2025-03-14,19.0832344001404
Souss-Massa,2025,3,14,2025-03-14,11.496333195045352
Dakhla-Oued Ed-Dahab,2025,3,14,2025-03-14,8.764467382425241
Tanger-Tétouan-Al Hoceima,2025,3,14,2025-03-14,1.3186083936443402
Drâa-Tafilalet,2025,3,14,2025-03-14,10.04162272478538
Marrakech-Safi,2025,3,14,2025-03-14,3.0337351746405545
l'Oriental,2025,3,14,2025-03-14,5.907459110188143
Béni Mellal-Khénifra,2025,3,14,2025-03-14,2.5479563012928828
Casablanca-Settat,2025,3,14,2025-03-14,1.5282460648093557
Rabat-Salé-Kénitra,2025,3,14,2025-03-14,1.534387435675336
Fès-Meknès,2025,3,22,2025-03-22,2.7859307608308006
Guelmim-Oued Noun,2025,3,22,2025-03-22,16.377173729443765
Laâyoune-Sakia El Hamra,2025,3,22,2025-03-22,30.949200809213103
Souss-Massa,2025,3,22,2025-03-22,10.072212925613503
Dakhla-Oued Ed-Dahab,2025,3,22,2025-03-22,9.351075217989711
Tanger-Tétouan-Al Hoceima,2025,3,22,2025-03-22,1.256590929867456
Drâa-Tafilalet,2025,3,22,2025-03-22,10.67207747826007
Marrakech-Safi,2025,3,22,2025-03-22,3.2187751359207355
l'Oriental,2025,3,22,2025-03-22,5.9550858951705745
Béni Mellal-Khénifra,2025,3,22,2025-03-22,2.085502312295878
Casablanca-Settat,2025,3,22,2025-03-22,1.3522820164447507
Rabat-Salé-Kénitra,2025,3,22,2025-03-22,1.440607111915968
Fès-Meknès,2025,3,30,2025-03-30,2.8230113171452254
Guelmim-Oued Noun,2025,3,30,2025-03-30,38.88036806791148
Laâyoune-Sakia El Hamra,2025,3,30,2025-03-30,23.783267140741987
Souss-Massa,2025,3,30,2025-03-30,11.493201103841912
Dakhla-Oued Ed-Dahab,2025,3,30,2025-03-30,7.654337425165126
Tanger-Tétouan-Al Hoceima,2025,3,30,2025-03-30,1.2515453392442941
Drâa-Tafilalet,2025,3,30,2025-03-30,10.289584286662963
Marrakech-Safi,2025,3,30,2025-03-30,2.63721435970034
l'Oriental,2025,3,30,2025-03-30,4.9622310871658994
Béni Mellal-Khénifra,2025,3,30,2025-03-30,1.8204571616320941
Casablanca-Settat,2025,3,30,2025-03-30,1.0960386966396916
Rabat-Salé-Kénitra,2025,3,30,2025-03-30,1.1521180118358654
Fès-Meknès,2025,4,7,2025-04-07,2.630295734032983
Guelmim-Oued Noun,2025,4,7,2025-04-07,14.131055965670166
Laâyoune-Sakia El Hamra,2025,4,7,2025-04-07,21.25625886264456
Souss-Massa,2025,4,7,2025-04-07,6.259003609720366
Dakhla-Oued Ed-Dahab,2025,4,7,2025-04-07,9.613504054304055
Tanger-Tétouan-Al Hoceima,2025,4,7,2025-04-07,1.11891646167433
Drâa-Tafilalet,2025,4,7,2025-04-07,40.96124118904864
Marrakech-Safi,2025,4,7,2025-04-07,2.011769393290657
l'Oriental,2025,4,7,2025-04-07,5.1320664982340904
Béni Mellal-Khénifra,2025,4,7,2025-04-07,1.7379863080529043
Casablanca-Settat,2025,4,7,2025-04-07,1.2710386334258947
Rabat-Salé-Kénitra,2025,4,7,2025-04-07,1.1346459326821434
Fès-Meknès,2025,4,15,2025-04-15,2.552593181171219
Guelmim-Oued Noun,2025,4,15,2025-04-15,17.656030098023823
Laâyoune-Sakia El Hamra,2025,4,15,2025-04-15,23.40217538833269
Souss-Massa,2025,4,15,2025-04-15,8.751555031714402
Dakhla-Oued Ed-Dahab,2025,4,15,2025-04-15,10.50268743893884
Tanger-Tétouan-Al Hoceima,2025,4,15,2025-04-15,1.10835276425313
Drâa-Tafilalet,2025,4,15,2025-04-15,12.145518958608806
Marrakech-Safi,2025,4,15,2025-04-15,2.4034919658562495
l'Oriental,2025,4,15,2025-04-15,5.9370871857960905
Béni Mellal-Khénifra,2025,4,15,2025-04-15,1.5377834118603098
Casablanca-Settat,2025,4,15,2025-04-15,1.3353022076097159
Rabat-Salé-Kénitra,2025,4,15,2025-04-15,1.116163535124584
Fès-Meknès,2025,4,23,2025-04-23,2.672306069798594
Guelmim-Oued Noun,2025,4,23,2025-04-23,18.23651139828627
Laâyoune-Sakia El Hamra,2025,4,23,2025-04-23,26.499256346897944
Souss-Massa,2025,4,23,2025-04-23,9.274416835384134
Dakhla-Oued Ed-Dahab,2025,4,23,2025-04-23,10.132385217167664
Tanger-Tétouan-Al Hoceima,2025,4,23,2025-04-23,1.190456823355083
Drâa-Tafilalet,2025,4,23,2025-04-23,12.427999447031757
Marrakech-Safi,2025,4,23,2025-04-23,2.3773777882335243
l'Oriental,2025,4,23,2025-04-23,5.529131693859283
Béni Mellal-Khénifra,2025,4,23,2025-04-23,1.7062352547714965
Casablanca-Settat,2025,4,23,2025-04-23,1.5942243740400968
Rabat-Salé-Kénitra,2025,4,23,2025-04-23,1.2720235362337462
Fès-Meknès,2025,5,1,2025-05-01,2.6511885074698682
Guelmim-Oued Noun,2025,5,1,2025-05-01,16.38147790924267
Laâyoune-Sakia El Hamra,2025,5,1,2025-05-01,23.51101311093899
Souss-Massa,2025,5,1,2025-05-01,7.420341732206942
Dakhla-Oued Ed-Dahab,2025,5,1,2025-05-01,10.526911928693401
Tanger-Tétouan-Al Hoceima,2025,5,1,2025-05-01,1.2037555646512252
Drâa-Tafilalet,2025,5,1,2025-05-01,13.493061637930188
Marrakech-Safi,2025,5,1,2025-05-01,3.0580640350858506
l'Oriental,2025,5,1,2025-05-01,5.063336182635597
Béni Mellal-Khénifra,2025,5,1,2025-05-01,1.9160837637442023
Casablanca-Settat,2025,5,1,2025-05-01,2.122780665232034
Rabat-Salé-Kénitra,2025,5,1,2025-05-01,1.426971334928982
Fès-Meknès,2025,5,9,2025-05-09,2.5242649281731278
Guelmim-Oued Noun,2025,5,9,2025-05-09,19.293320255725597
Laâyoune-Sakia El Hamra,2025,5,9,2025-05-09,38.299131713896266
Souss-Massa,2025,5,9,2025-05-09,14.178373724262585
Dakhla-Oued Ed-Dahab,2025,5,9,2025-05-09,9.217948749653429
Tanger-Tétouan-Al Hoceima,2025,5,9,2025-05-09,1.2658300629547645
Drâa-Tafilalet,2025,5,9,2025-05-09,12.671366874340576
Marrakech-Safi,2025,5,9,2025-05-09,3.133507490159966
l'Oriental,2025,5,9,2025-05-09,5.0117852295151755
Béni Mellal-Khénifra,2025,5,9,2025-05-09,1.9401280443854283
Casablanca-Settat,2025,5,9,2025-05-09,2.3654668864833166
Rabat-Salé-Kénitra,2025,5,9,2025-05-09,1.5669801454213548
Fès-Meknès,2025,5,17,2025-05-17,2.3586543367378683
Guelmim-Oued Noun,2025,5,17,2025-05-17,16.195815155645185
Laâyoune-Sakia El Hamra,2025,5,17,2025-05-17,21.74527553438444
Souss-Massa,2025,5,17,2025-05-17,10.842172164827765
Dakhla-Oued Ed-Dahab,2025,5,17,2025-05-17,8.53028988419176
Tanger-Tétouan-Al Hoceima,2025,5,17,2025-05-17,1.3373751705997148
Drâa-Tafilalet,2025,5,17,2025-05-17,14.76284056855685
Marrakech-Safi,2025,5,17,2025-05-17,4.261090008653633
l'Oriental,2025,5,17,2025-05-17,5.513884487195367
Béni Mellal-Khénifra,2025,5,17,2025-05-17,2.3977234443918745
Casablanca-Settat,2025,5,17,2025-05-17,2.953168612674397
Rabat-Salé-Kénitra,2025,5,17,2025-05-17,1.7484172953170904
Fès-Meknès,2025,5,25,2025-05-25,2.4625286040540217
Guelmim-Oued Noun,2025,5,25,2025-05-25,18.915037447993974
Laâyoune-Sakia El Hamra,2025,5,25,2025-05-25,26.171395470965727
Souss-Massa,2025,5,25,2025-05-25,8.534630664975529
Dakhla-Oued Ed-Dahab,2025,5,25,2025-05-25,8.494002560859665
Tanger-Tétouan-Al Hoceima,2025,5,25,2025-05-25,1.2273888690189445
Drâa-Tafilalet,2025,5,25,2025-05-25,12.13813747116039
Marrakech-Safi,2025,5,25,2025-05-25,5.525011687372941
l'Oriental,2025,5,25,2025-05-25,5.289238010214595
Béni Mellal-Khénifra,2025,5,25,2025-05-25,2.5492354401644586
Casablanca-Settat,2025,5,25,2025-05-25,3.6159259580106466
Rabat-Salé-Kénitra,2025,5,25,2025-05-25,1.9494014225216763
Fès-Meknès,2025,6,2,2025-06-02,2.865885988393868
Guelmim-Oued Noun,2025,6,2,2025-06-02,48.92191944849333
Laâyoune-Sakia El Hamra,2025,6,2,2025-06-02,25.89904028333584
Souss-Massa,2025,6,2,2025-06-02,9.188880146637636
Dakhla-Oued Ed-Dahab,2025,6,2,2025-06-02,9.974737743893105
Tanger-Tétouan-Al Hoceima,2025,6,2,2025-06-02,1.3030001337180586
Drâa-Tafilalet,2025,6,2,2025-06-02,11.153711292790877
Marrakech-Safi,2025,6,2,2025-06-02,5.11022747455802
l'Oriental,2025,6,2,2025-06-02,5.802997104408481
Béni Mellal-Khénifra,2025,6,2,2025-06-02,4.548563207720421
Casablanca-Settat,2025,6,2,2025-06-02,3.886628196332867
Rabat-Salé-Kénitra,2025,6,2,2025-06-02,2.055093849961506
Fès-Meknès,2025,6,10,2025-06-10,3.039702019032657
Guelmim-Oued Noun,2025,6,10,2025-06-10,17.502982056598242
Laâyoune-Sakia El Hamra,2025,6,10,2025-06-10,24.560141530287822
Souss-Massa,2025,6,10,2025-06-10,18.259847408432627
Dakhla-Oued Ed-Dahab,2025,6,10,2025-06-10,15.109130491323878
Tanger-Tétouan-Al Hoceima,2025,6,10,2025-06-10,1.6832618782176283
Drâa-Tafilalet,2025,6,10,2025-06-10,11.552060684214924
Marrakech-Safi,2025,6,10,2025-06-10,5.674457236064815
l'Oriental,2025,6,10,2025-06-10,6.088566012849385
Béni Mellal-Khénifra,2025,6,10,2025-06-10,3.1339443026238007
Casablanca-Settat,2025,6,10,2025-06-10,4.233071882249232
Rabat-Salé-Kénitra,2025,6,10,2025-06-10,2.4948104556654567
Fès-Meknès,2025,6,18,2025-06-18,3.1504539477699907
Guelmim-Oued Noun,2025,6,18,2025-06-18,27.747611873995478
Laâyoune-Sakia El Hamra,2025,6,18,2025-06-18,25.927743211880255
Souss-Massa,2025,6,18,2025-06-18,10.489898139955992
Dakhla-Oued Ed-Dahab,2025,6,18,2025-06-18,11.449008238831192
Tanger-Tétouan-Al Hoceima,2025,6,18,2025-06-18,1.731153791053537
Drâa-Tafilalet,2025,6,18,2025-06-18,21.03743808218126
Marrakech-Safi,2025,6,18,2025-06-18,6.252607443125141
l'Oriental,2025,6,18,2025-06-18,6.522499506323164
Béni Mellal-Khénifra,2025,6,18,2025-06-18,3.030527516693124
Casablanca-Settat,2025,6,18,2025-06-18,4.4964800924674035
Rabat-Salé-Kénitra,2025,6,18,2025-06-18,2.6188032103838297
Fès-Meknès,2025,6,26,2025-06-26,3.596323412782996
Guelmim-Oued Noun,2025,6,26,2025-06-26,20.588259409204035
Laâyoune-Sakia El Hamra,2025,6,26,2025-06-26,25.26388485364896
Souss-Massa,2025,6,26,2025-06-26,8.660556106441373
Dakhla-Oued Ed-Dahab,2025,6,26,2025-06-26,8.802161232877252
Tanger-Tétouan-Al Hoceima,2025,6,26,2025-06-26,1.9605660387303414
Drâa-Tafilalet,2025,6,26,2025-06-26,13.037298841510328
Marrakech-Safi,2025,6,26,2025-06-26,7.071642088912965
l'Oriental,2025,6,26,2025-06-26,6.991399579029222
Béni Mellal-Khénifra,2025,6,26,2025-06-26,3.7098904747316186
Casablanca-Settat,2025,6,26,2025-06-26,5.456060005205741
Rabat-Salé-Kénitra,2025,6,26,2025-06-26,2.7879786361313754
Fès-Meknès,2025,7,4,2025-07-04,3.6394275821950335
Guelmim-Oued Noun,2025,7,4,2025-07-04,30.141684899149613
Laâyoune-Sakia El Hamra,2025,7,4,2025-07-04,48.03399939822905
Souss-Massa,2025,7,4,2025-07-04,11.383532394265405
Dakhla-Oued Ed-Dahab,2025,7,4,2025-07-04,8.588591705051128
Tanger-Tétouan-Al Hoceima,2025,7,4,2025-07-04,2.1028388466954175
Drâa-Tafilalet,2025,7,4,2025-07-04,11.981313915325398
Marrakech-Safi,2025,7,4,2025-07-04,7.645697588655297
l'Oriental,2025,7,4,2025-07-04,6.769741545521111
Béni Mellal-Khénifra,2025,7,4,2025-07-04,3.342551221150845
Casablanca-Settat,2025,7,4,2025-07-04,5.970317972625127
Rabat-Salé-Kénitra,2025,7,4,2025-07-04,3.020126066051008
Fès-Meknès,2025,7,12,2025-07-12,4.066544214876274
Guelmim-Oued Noun,2025,7,12,2025-07-12,31.285705978310737
Laâyoune-Sakia El Hamra,2025,7,12,2025-07-12,51.13437206358868
Souss-Massa,2025,7,12,2025-07-12,8.852668813652771
Dakhla-Oued Ed-Dahab,2025,7,12,2025-07-12,8.531430793619245
Tanger-Tétouan-Al Hoceima,2025,7,12,2025-07-12,2.3804497654641272
Drâa-Tafilalet,2025,7,12,2025-07-12,13.73209946778341
Marrakech-Safi,2025,7,12,2025-07-12,7.1425657506908005
l'Oriental,2025,7,12,2025-07-12,11.44439170189254
Béni Mellal-Khénifra,2025,7,12,2025-07-12,3.5885618764932463
Casablanca-Settat,2025,7,12,2025-07-12,6.329310333203038
Rabat-Salé-Kénitra,2025,7,12,2025-07-12,3.116234410167952
Fès-Meknès,2025,7,20,2025-07-20,3.5667984401312753
Guelmim-Oued Noun,2025,7,20,2025-07-20,17.863996038175216
Laâyoune-Sakia El Hamra,2025,7,20,2025-07-20,25.84335201559065
Souss-Massa,2025,7,20,2025-07-20,9.289767620867824
Dakhla-Oued Ed-Dahab,2025,7,20,2025-07-20,9.38621390208469
Tanger-Tétouan-Al Hoceima,2025,7,20,2025-07-20,2.3209650137172915
Drâa-Tafilalet,2025,7,20,2025-07-20,14.175721299758392
Marrakech-Safi,2025,7,20,2025-07-20,8.394585121609653
l'Oriental,2025,7,20,2025-07-20,6.007043558524286
Béni Mellal-Khénifra,2025,7,20,2025-07-20,3.791242489024705
Casablanca-Settat,2025,7,20,2025-07-20,6.161838474297642
Rabat-Salé-Kénitra,2025,7,20,2025-07-20,2.9382542841262045
Fès-Meknès,2025,7,28,2025-07-28,4.257234227120671
Guelmim-Oued Noun,2025,7,28,2025-07-28,19.334686731250926
Laâyoune-Sakia El Hamra,2025,7,28,2025-07-28,25.5134403366153
Souss-Massa,2025,7,28,2025-07-28,24.287974136801978
Dakhla-Oued Ed-Dahab,2025,7,28,2025-07-28,8.810670314927185
Tanger-Tétouan-Al Hoceima,2025,7,28,2025-07-28,2.260404473507816
Drâa-Tafilalet,2025,7,28,2025-07-28,15.250246765185041
Marrakech-Safi,2025,7,28,2025-07-28,10.952686062149969
l'Oriental,2025,7,28,2025-07-28,8.63631910312202
Béni Mellal-Khénifra,2025,7,28,2025-07-28,4.16589092373297
Casablanca-Settat,2025,7,28,2025-07-28,6.106675281007116
Rabat-Salé-Kénitra,2025,7,28,2025-07-28,3.298701054117471
Fès-Meknès,2025,8,5,2025-08-05,4.104390797114736
Guelmim-Oued Noun,2025,8,5,2025-08-05,15.035031561564349
Laâyoune-Sakia El Hamra,2025,8,5,2025-08-05,20.58015822439887
Souss-Massa,2025,8,5,2025-08-05,9.545878162934224
Dakhla-Oued Ed-Dahab,2025,8,5,2025-08-05,6.261889031062743
Tanger-Tétouan-Al Hoceima,2025,8,5,2025-08-05,2.202290955641232
Drâa-Tafilalet,2025,8,5,2025-08-05,13.84454483543158
Marrakech-Safi,2025,8,5,2025-08-05,6.883021573373759
l'Oriental,2025,8,5,2025-08-05,8.015430753466385
Béni Mellal-Khénifra,2025,8,5,2025-08-05,4.554503168039825
Casablanca-Settat,2025,8,5,2025-08-05,7.43176877131194
Rabat-Salé-Kénitra,2025,8,5,2025-08-05,3.924565173692319
Fès-Meknès,2025,8,13,2025-08-13,4.089520402892292
Guelmim-Oued Noun,2025,8,13,2025-08-13,46.27705503384785
Laâyoune-Sakia El Hamra,2025,8,13,2025-08-13,24.71073687434395
Souss-Massa,2025,8,13,2025-08-13,11.021659594038788
Dakhla-Oued Ed-Dahab,2025,8,13,2025-08-13,8.349234134556985
Tanger-Tétouan-Al Hoceima,2025,8,13,2025-08-13,2.5094770124880745
Drâa-Tafilalet,2025,8,13,2025-08-13,18.062779125300622
Marrakech-Safi,2025,8,13,2025-08-13,5.829012165691909
l'Oriental,2025,8,13,2025-08-13,6.27669622429848
Béni Mellal-Khénifra,2025,8,13,2025-08-13,5.0853525478416834
Casablanca-Settat,2025,8,13,2025-08-13,7.436152927030593
Rabat-Salé-Kénitra,2025,8,13,2025-08-13,3.7607860894217984
Fès-Meknès,2025,8,21,2025-08-21,3.7829819530840196
Guelmim-Oued Noun,2025,8,21,2025-08-21,22.76423270987276
Laâyoune-Sakia El Hamra,2025,8,21,2025-08-21,21.766674128954694
Souss-Massa,2025,8,21,2025-08-21,11.209800606691639
Dakhla-Oued Ed-Dahab,2025,8,21,2025-08-21,11.354827426573289
Tanger-Tétouan-Al Hoceima,2025,8,21,2025-08-21,2.6764877224140737
Drâa-Tafilalet,2025,8,21,2025-08-21,14.094744236204583
Marrakech-Safi,2025,8,21,2025-08-21,8.441549580881217
l'Oriental,2025,8,21,2025-08-21,7.5878029642555855
Béni Mellal-Khénifra,2025,8,21,2025-08-21,4.423198305518864
Casablanca-Settat,2025,8,21,2025-08-21,10.10734346465986
Rabat-Salé-Kénitra,2025,8,21,2025-08-21,3.466103579934704
Fès-Meknès,2025,8,29,2025-08-29,3.9900381460697414
Guelmim-Oued Noun,2025,8,29,2025-08-29,17.010311248803966
Laâyoune-Sakia El Hamra,2025,8,29,2025-08-29,67.018163191264
Souss-Massa,2025,8,29,2025-08-29,14.015457123370298
Dakhla-Oued Ed-Dahab,2025,8,29,2025-08-29,10.084437374075726
Tanger-Tétouan-Al Hoceima,2025,8,29,2025-08-29,2.518046336753563
Drâa-Tafilalet,2025,8,29,2025-08-29,12.759391406582635
Marrakech-Safi,2025,8,29,2025-08-29,11.07747734174047
l'Oriental,2025,8,29,2025-08-29,7.825932333830924
Béni Mellal-Khénifra,2025,8,29,2025-08-29,4.080851677241497
Casablanca-Settat,2025,8,29,2025-08-29,7.407293475446416
Rabat-Salé-Kénitra,2025,8,29,2025-08-29,4.302864809348409
Fès-Meknès,2025,9,6,2025-09-06,4.241867077831597
Guelmim-Oued Noun,2025,9,6,2025-09-06,19.064351946649513
Laâyoune-Sakia El Hamra,2025,9,6,2025-09-06,24.14968759767735
Souss-Massa,2025,9,6,2025-09-06,14.565418293283763
Dakhla-Oued Ed-Dahab,2025,9,6,2025-09-06,7.752636227866661
Tanger-Tétouan-Al Hoceima,2025,9,6,2025-09-06,2.7020825692767834
Drâa-Tafilalet,2025,9,6,2025-09-06,13.694880230858987
Marrakech-Safi,2025,9,6,2025-09-06,8.943340122813506
l'Oriental,2025,9,6,2025-09-06,10.59259339603973
Béni Mellal-Khénifra,2025,9,6,2025-09-06,5.824416366160428
Casablanca-Settat,2025,9,6,2025-09-06,8.412704364132788
Rabat-Salé-Kénitra,2025,9,6,2025-09-06,5.393562998435641
Fès-Meknès,2025,9,14,2025-09-14,4.51978096119881
Guelmim-Oued Noun,2025,9,14,2025-09-14,17.89214238810072
Laâyoune-Sakia El Hamra,2025,9,14,2025-09-14,19.954182695109818
Souss-Massa,2025,9,14,2025-09-14,10.342577670232298
Dakhla-Oued Ed-Dahab,2025,9,14,2025-09-14,9.699599012470431
Tanger-Tétouan-Al Hoceima,2025,9,14,2025-09-14,3.152717425665781
Drâa-Tafilalet,2025,9,14,2025-09-14,13.033208449067871
Marrakech-Safi,2025,9,14,2025-09-14,9.04704622453578
l'Oriental,2025,9,14,2025-09-14,8.341248844001237
Béni Mellal-Khénifra,2025,9,14,2025-09-14,4.432487811365798
Casablanca-Settat,2025,9,14,2025-09-14,9.254094910439193
Rabat-Salé-Kénitra,2025,9,14,2025-09-14,4.820224525116444
Fès-Meknès,2025,9,22,2025-09-22,4.404666574749971
Guelmim-Oued Noun,2025,9,22,2025-09-22,19.610001810259792
Laâyoune-Sakia El Hamra,2025,9,22,2025-09-22,32.63481463055826
Souss-Massa,2025,9,22,2025-09-22,11.174277354811192
Dakhla-Oued Ed-Dahab,2025,9,22,2025-09-22,8.742068904425699
Tanger-Tétouan-Al Hoceima,2025,9,22,2025-09-22,2.7982967682811952
Drâa-Tafilalet,2025,9,22,2025-09-22,13.705158812332753
Marrakech-Safi,2025,9,22,2025-09-22,9.403711586699071
l'Oriental,2025,9,22,2025-09-22,7.9669428782007365
Béni Mellal-Khénifra,2025,9,22,2025-09-22,5.398591962342385
Casablanca-Settat,2025,9,22,2025-09-22,8.706751970124856
Rabat-Salé-Kénitra,2025,9,22,2025-09-22,4.924180442779657
Fès-Meknès,2025,9,30,2025-09-30,4.6772115936015854
Guelmim-Oued Noun,2025,9,30,2025-09-30,17.262703828620467
Laâyoune-Sakia El Hamra,2025,9,30,2025-09-30,19.95313993269439
Souss-Massa,2025,9,30,2025-09-30,13.621550540803561
Dakhla-Oued Ed-Dahab,2025,9,30,2025-09-30,9.392751206240497
Tanger-Tétouan-Al Hoceima,2025,9,30,2025-09-30,2.843162854049515
Drâa-Tafilalet,2025,9,30,2025-09-30,15.160346361684336
Marrakech-Safi,2025,9,30,2025-09-30,8.671613248185531
l'Oriental,2025,9,30,2025-09-30,12.995117259178278
Béni Mellal-Khénifra,2025,9,30,2025-09-30,4.509511021716196
Casablanca-Settat,2025,9,30,2025-09-30,11.831496170673594
Rabat-Salé-Kénitra,2025,9,30,2025-09-30,5.4454258742213675
Fès-Meknès,2025,10,8,2025-10-08,4.695513978355597
Guelmim-Oued Noun,2025,10,8,2025-10-08,21.192194155831658
Laâyoune-Sakia El Hamra,2025,10,8,2025-10-08,42.026383621912665
Souss-Massa,2025,10,8,2025-10-08,14.940459048229261
Dakhla-Oued Ed-Dahab,2025,10,8,2025-10-08,6.992002779378419
Tanger-Tétouan-Al Hoceima,2025,10,8,2025-10-08,3.308548698540499
Drâa-Tafilalet,2025,10,8,2025-10-08,13.023560020266478
Marrakech-Safi,2025,10,8,2025-10-08,9.88361581216535
l'Oriental,2025,10,8,2025-10-08,8.633882296357196
Béni Mellal-Khénifra,2025,10,8,2025-10-08,4.471407340865802
Casablanca-Settat,2025,10,8,2025-10-08,8.19998804725714
Rabat-Salé-Kénitra,2025,10,8,2025-10-08,5.263162039792715
Fès-Meknès,2025,10,16,2025-10-16,5.509587302076614
Guelmim-Oued Noun,2025,10,16,2025-10-16,19.45763539356496
Laâyoune-Sakia El Hamra,2025,10,16,2025-10-16,16.233422753559683
Souss-Massa,2025,10,16,2025-10-16,11.616719713238636
Dakhla-Oued Ed-Dahab,2025,10,16,2025-10-16,12.027934994670309
Tanger-Tétouan-Al Hoceima,2025,10,16,2025-10-16,4.142617414639781
Drâa-Tafilalet,2025,10,16,2025-10-16,14.82420444012965
Marrakech-Safi,2025,10,16,2025-10-16,7.972801774591983
l'Oriental,2025,10,16,2025-10-16,36.60162895366834
Béni Mellal-Khénifra,2025,10,16,2025-10-16,6.651194398597346
Casablanca-Settat,2025,10,16,2025-10-16,10.712776174330509
Rabat-Salé-Kénitra,2025,10,16,2025-10-16,5.501484495870266
Fès-Meknès,2025,10,24,2025-10-24,4.757990985383541
Guelmim-Oued Noun,2025,10,24,2025-10-24,19.05230792386449
Laâyoune-Sakia El Hamra,2025,10,24,2025-10-24,34.81651897247858
Souss-Massa,2025,10,24,2025-10-24,15.700631078401383
Dakhla-Oued Ed-Dahab,2025,10,24,2025-10-24,7.47226672368559
Tanger-Tétouan-Al Hoceima,2025,10,24,2025-10-24,3.3093104741813884
Drâa-Tafilalet,2025,10,24,2025-10-24,14.94667447934936
Marrakech-Safi,2025,10,24,2025-10-24,43.72468680090605
l'Oriental,2025,10,24,2025-10-24,8.59723021364197
Béni Mellal-Khénifra,2025,10,24,2025-10-24,4.936804356233195
Casablanca-Settat,2025,10,24,2025-10-24,10.824484158735736
Rabat-Salé-Kénitra,2025,10,24,2025-10-24,6.6291230132095675
Fès-Meknès,2025,11,1,2025-11-01,5.8455412067779715
Guelmim-Oued Noun,2025,11,1,2025-11-01,27.433230778734334
Laâyoune-Sakia El Hamra,2025,11,1,2025-11-01,56.40300791853024
Souss-Massa,2025,11,1,2025-11-01,9.55671516801901
Dakhla-Oued Ed-Dahab,2025,11,1,2025-11-01,6.105254238156362
Tanger-Tétouan-Al Hoceima,2025,11,1,2025-11-01,2.994166953285625
Drâa-Tafilalet,2025,11,1,2025-11-01,13.90604641171767
Marrakech-Safi,2025,11,1,2025-11-01,8.658557028705411
l'Oriental,2025,11,1,2025-11-01,27.352375929487945
Béni Mellal-Khénifra,2025,11,1,2025-11-01,4.535456359262653
Casablanca-Settat,2025,11,1,2025-11-01,10.013579876074544
Rabat-Salé-Kénitra,2025,11,1,2025-11-01,4.512833518707081
Fès-Meknès,2025,11,9,2025-11-09,5.132242118680665
Guelmim-Oued Noun,2025,11,9,2025-11-09,22.177772362101592
Laâyoune-Sakia El Hamra,2025,11,9,2025-11-09,17.77417281548595
Souss-Massa,2025,11,9,2025-11-09,12.558956702378982
Dakhla-Oued Ed-Dahab,2025,11,9,2025-11-09,6.543023493242803
Tanger-Tétouan-Al Hoceima,2025,11,9,2025-11-09,3.647522453676497
Drâa-Tafilalet,2025,11,9,2025-11-09,20.992952560041957
Marrakech-Safi,2025,11,9,2025-11-09,8.17881007669909
l'Oriental,2025,11,9,2025-11-09,8.244530420436721
Béni Mellal-Khénifra,2025,11,9,2025-11-09,4.604684172274915
Casablanca-Settat,2025,11,9,2025-11-09,14.39642733321086
Rabat-Salé-Kénitra,2025,11,9,2025-11-09,6.479835523004722
Fès-Meknès,2025,11,17,2025-11-17,5.605505223782168
Guelmim-Oued Noun,2025,11,17,2025-11-17,22.008826384091275
Laâyoune-Sakia El Hamra,2025,11,17,2025-11-17,19.87387395260797
Souss-Massa,2025,11,17,2025-11-17,24.147824399073578
Dakhla-Oued Ed-Dahab,2025,11,17,2025-11-17,6.04406424505385
Tanger-Tétouan-Al Hoceima,2025,11,17,2025-11-17,2.839437723635738
Drâa-Tafilalet,2025,11,17,2025-11-17,54.36116225607339
Marrakech-Safi,2025,11,17,2025-11-17,7.712496229144599
l'Oriental,2025,11,17,2025-11-17,9.347412490680771
Béni Mellal-Khénifra,2025,11,17,2025-11-17,4.63833104838395
Casablanca-Settat,2025,11,17,2025-11-17,9.729099761272884
Rabat-Salé-Kénitra,2025,11,17,2025-11-17,8.903942742119122
Fès-Meknès,2025,11,25,2025-11-25,6.334670859125723
Guelmim-Oued Noun,2025,11,25,2025-11-25,46.3089903524929
Laâyoune-Sakia El Hamra,2025,11,25,2025-11-25,20.658897701377196
Souss-Massa,2025,11,25,2025-11-25,12.498996623546018
Dakhla-Oued Ed-Dahab,2025,11,25,2025-11-25,6.915770491666325
Tanger-Tétouan-Al Hoceima,2025,11,25,2025-11-25,3.231533466845744
Drâa-Tafilalet,2025,11,25,2025-11-25,28.557050593511953
Marrakech-Safi,2025,11,25,2025-11-25,7.367101329417604
l'Oriental,2025,11,25,2025-11-25,10.15032181585711
Béni Mellal-Khénifra,2025,11,25,2025-11-25,4.18774826749228
Casablanca-Settat,2025,11,25,2025-11-25,7.158798956389498
Rabat-Salé-Kénitra,2025,11,25,2025-11-25,4.323368485606576
Fès-Meknès,2025,12,3,2025-12-03,3.8048774926977726
Guelmim-Oued Noun,2025,12,3,2025-12-03,16.976777473929896
Laâyoune-Sakia El Hamra,2025,12,3,2025-12-03,37.7255520065968
Souss-Massa,2025,12,3,2025-12-03,50.11661826173928
Dakhla-Oued Ed-Dahab,2025,12,3,2025-12-03,6.3398214741125
Tanger-Tétouan-Al Hoceima,2025,12,3,2025-12-03,1.8879096311223766
Drâa-Tafilalet,2025,12,3,2025-12-03,13.94617720396839
Marrakech-Safi,2025,12,3,2025-12-03,6.838341930952676
l'Oriental,2025,12,3,2025-12-03,7.2771391970989665
Béni Mellal-Khénifra,2025,12,3,2025-12-03,4.6228229514986605
Casablanca-Settat,2025,12,3,2025-12-03,6.0186794861363175
Rabat-Salé-Kénitra,2025,12,3,2025-12-03,3.814406034711034
Fès-Meknès,2025,12,11,2025-12-11,3.721395427589739
Guelmim-Oued Noun,2025,12,11,2025-12-11,21.60055679510304
Laâyoune-Sakia El Hamra,2025,12,11,2025-12-11,53.79181669642429
Souss-Massa,2025,12,11,2025-12-11,15.454668914429451
Dakhla-Oued Ed-Dahab,2025,12,11,2025-12-11,7.49236958844017
Tanger-Tétouan-Al Hoceima,2025,12,11,2025-12-11,1.5533802592870223
Drâa-Tafilalet,2025,12,11,2025-12-11,22.06063458992615
Marrakech-Safi,2025,12,11,2025-12-11,5.134942412867266
l'Oriental,2025,12,11,2025-12-11,10.597383485849079
Béni Mellal-Khénifra,2025,12,11,2025-12-11,2.7197445291628988
Casablanca-Settat,2025,12,11,2025-12-11,2.4964130988596414
Rabat-Salé-Kénitra,2025,12,11,2025-12-11,1.792440939140164
Fès-Meknès,2025,12,19,2025-12-19,3.0984513430305527
Guelmim-Oued Noun,2025,12,19,2025-12-19,36.276083593069266
Laâyoune-Sakia El Hamra,2025,12,19,2025-12-19,20.07477102145807
Souss-Massa,2025,12,19,2025-12-19,14.798060121471888
Dakhla-Oued Ed-Dahab,2025,12,19,2025-12-19,5.754313351225843
Tanger-Tétouan-Al Hoceima,2025,12,19,2025-12-19,2.0724296502266673
Drâa-Tafilalet,2025,12,19,2025-12-19,13.558475369445977
Marrakech-Safi,2025,12,19,2025-12-19,3.1618824695505117
l'Oriental,2025,12,19,2025-12-19,7.231861213208593
Béni Mellal-Khénifra,2025,12,19,2025-12-19,2.437403995597919
Casablanca-Settat,2025,12,19,2025-12-19,1.9402940217693248
Rabat-Salé-Kénitra,2025,12,19,2025-12-19,1.4821894298488012
Fès-Meknès,2025,12,27,2025-12-27,4.53754845861367
Guelmim-Oued Noun,2025,12,27,2025-12-27,18.410058268432
Laâyoune-Sakia El Hamra,2025,12,27,2025-12-27,18.846054836738357
Souss-Massa,2025,12,27,2025-12-27,11.426267655397584
Dakhla-Oued Ed-Dahab,2025,12,27,2025-12-27,6.5618504792271
Tanger-Tétouan-Al Hoceima,2025,12,27,2025-12-27,1.7034414556183541
Drâa-Tafilalet,2025,12,27,2025-12-27,18.11805861144633
Marrakech-Safi,2025,12,27,2025-12-27,2.6504980734483627
l'Oriental,2025,12,27,2025-12-27,15.546953149454978
Béni Mellal-Khénifra,2025,12,27,2025-12-27,2.4253956825283134
Casablanca-Settat,2025,12,27,2025-12-27,1.450139992847239
Rabat-Salé-Kénitra,2025,12,27,2025-12-27,1.25114849904548
Fès-Meknès,2026,1,1,2026-01-01,3.8017447571390424
Guelmim-Oued Noun,2026,1,1,2026-01-01,16.221878771944024
Laâyoune-Sakia El Hamra,2026,1,1,2026-01-01,15.715329773540867
Souss-Massa,2026,1,1,2026-01-01,9.137638727091895
Dakhla-Oued Ed-Dahab,2026,1,1,2026-01-01,6.638399327639608
Tanger-Tétouan-Al Hoceima,2026,1,1,2026-01-01,1.4533868908969365
Drâa-Tafilalet,2026,1,1,2026-01-01,13.482033922221408
Marrakech-Safi,2026,1,1,2026-01-01,1.9785532243923365
l'Oriental,2026,1,1,2026-01-01,8.404655560705569
Béni Mellal-Khénifra,2026,1,1,2026-01-01,1.977928809803156
Casablanca-Settat,2026,1,1,2026-01-01,1.1242276411680663
Rabat-Salé-Kénitra,2026,1,1,2026-01-01,1.12169507637819
Fès-Meknès,2026,1,9,2026-01-09,4.0814193936405285
Guelmim-Oued Noun,2026,1,9,2026-01-09,20.983026672623925
Laâyoune-Sakia El Hamra,2026,1,9,2026-01-09,18.955004788603894
Souss-Massa,2026,1,9,2026-01-09,16.518361936381577
Dakhla-Oued Ed-Dahab,2026,1,9,2026-01-09,6.769409611311477
Tanger-Tétouan-Al Hoceima,2026,1,9,2026-01-09,1.389390479627997
Drâa-Tafilalet,2026,1,9,2026-01-09,17.798404062499795
Marrakech-Safi,2026,1,9,2026-01-09,2.581265437321755
l'Oriental,2026,1,9,2026-01-09,7.667991689806657
Béni Mellal-Khénifra,2026,1,9,2026-01-09,2.152596212925695
Casablanca-Settat,2026,1,9,2026-01-09,1.1839122821738877
Rabat-Salé-Kénitra,2026,1,9,2026-01-09,1.1448874195944694
Fès-Meknès,2026,1,17,2026-01-17,3.542444963891624
Guelmim-Oued Noun,2026,1,17,2026-01-17,27.41432840313271
Laâyoune-Sakia El Hamra,2026,1,17,2026-01-17,20.163813401361445
Souss-Massa,2026,1,17,2026-01-17,10.060582091112787
Dakhla-Oued Ed-Dahab,2026,1,17,2026-01-17,7.117983420856349
Tanger-Tétouan-Al Hoceima,2026,1,17,2026-01-17,1.2719186478555027
Drâa-Tafilalet,2026,1,17,2026-01-17,13.897541710723987
Marrakech-Safi,2026,1,17,2026-01-17,1.6584234976862156
l'Oriental,2026,1,17,2026-01-17,12.767801044153645
Béni Mellal-Khénifra,2026,1,17,2026-01-17,1.7052281917301204
Casablanca-Settat,2026,1,17,2026-01-17,0.9666543718919961
Rabat-Salé-Kénitra,2026,1,17,2026-01-17,0.9911700213068221
Fès-Meknès,2026,1,25,2026-01-25,3.8957129634344287
Guelmim-Oued Noun,2026,1,25,2026-01-25,27.599802389079066
Laâyoune-Sakia El Hamra,2026,1,25,2026-01-25,21.21391713133794
Souss-Massa,2026,1,25,2026-01-25,11.060369701255079
Dakhla-Oued Ed-Dahab,2026,1,25,2026-01-25,8.096421993128299
Tanger-Tétouan-Al Hoceima,2026,1,25,2026-01-25,1.2525486149188247
Drâa-Tafilalet,2026,1,25,2026-01-25,26.387553316145247
Marrakech-Safi,2026,1,25,2026-01-25,1.528769748858675
l'Oriental,2026,1,25,2026-01-25,23.783784865361966
Béni Mellal-Khénifra,2026,1,25,2026-01-25,1.742372675183843
Casablanca-Settat,2026,1,25,2026-01-25,1.008970585609779
Rabat-Salé-Kénitra,2026,1,25,2026-01-25,1.000751999434473
Fès-Meknès,2026,2,2,2026-02-02,3.667240637341758
Guelmim-Oued Noun,2026,2,2,2026-02-02,12.929614015826385
Laâyoune-Sakia El Hamra,2026,2,2,2026-02-02,16.821392218056353
Souss-Massa,2026,2,2,2026-02-02,9.92838302907903
Dakhla-Oued Ed-Dahab,2026,2,2,2026-02-02,5.276389474343838
Tanger-Tétouan-Al Hoceima,2026,2,2,2026-02-02,1.1223943980520616
Drâa-Tafilalet,2026,2,2,2026-02-02,17.194480909140502
Marrakech-Safi,2026,2,2,2026-02-02,1.354836460486032
l'Oriental,2026,2,2,2026-02-02,11.94691291883548
Béni Mellal-Khénifra,2026,2,2,2026-02-02,1.5213772242518302
Casablanca-Settat,2026,2,2,2026-02-02,0.8131157206114488
Rabat-Salé-Kénitra,2026,2,2,2026-02-02,0.928953123024995
Fès-Meknès,2026,2,10,2026-02-10,3.437183527462466
Guelmim-Oued Noun,2026,2,10,2026-02-10,12.377774512693945
Laâyoune-Sakia El Hamra,2026,2,10,2026-02-10,22.070513822376537
Souss-Massa,2026,2,10,2026-02-10,11.308948195654597
Dakhla-Oued Ed-Dahab,2026,2,10,2026-02-10,6.459429953553276
Tanger-Tétouan-Al Hoceima,2026,2,10,2026-02-10,1.1747314517458198
Drâa-Tafilalet,2026,2,10,2026-02-10,13.185174098739319
Marrakech-Safi,2026,2,10,2026-02-10,1.170503830583317
l'Oriental,2026,2,10,2026-02-10,5.881064919237336
Béni Mellal-Khénifra,2026,2,10,2026-02-10,1.402504793251194
Casablanca-Settat,2026,2,10,2026-02-10,0.8431001361596536
Rabat-Salé-Kénitra,2026,2,10,2026-02-10,1.0203073600552373
Fès-Meknès,2026,2,18,2026-02-18,2.8052562722887315
Guelmim-Oued Noun,2026,2,18,2026-02-18,16.51150938622172
Laâyoune-Sakia El Hamra,2026,2,18,2026-02-18,13.382589572188893
Souss-Massa,2026,2,18,2026-02-18,7.785505554278004
Dakhla-Oued Ed-Dahab,2026,2,18,2026-02-18,5.001994007165702
Tanger-Tétouan-Al Hoceima,2026,2,18,2026-02-18,1.1497275180736353
Drâa-Tafilalet,2026,2,18,2026-02-18,13.299862141489182
Marrakech-Safi,2026,2,18,2026-02-18,1.222348634386588
l'Oriental,2026,2,18,2026-02-18,6.320397477160231
Béni Mellal-Khénifra,2026,2,18,2026-02-18,1.4327993625539652
Casablanca-Settat,2026,2,18,2026-02-18,0.8495813874521878
Rabat-Salé-Kénitra,2026,2,18,2026-02-18,1.0616894124986533
Fès-Meknès,2026,2,26,2026-02-26,2.1641600158950993
Guelmim-Oued Noun,2026,2,26,2026-02-26,12.452187024143274
Laâyoune-Sakia El Hamra,2026,2,26,2026-02-26,15.940894969603024
Souss-Massa,2026,2,26,2026-02-26,6.022528855192389
Dakhla-Oued Ed-Dahab,2026,2,26,2026-02-26,5.065419271457152
Tanger-Tétouan-Al Hoceima,2026,2,26,2026-02-26,1.0083254911870814
Drâa-Tafilalet,2026,2,26,2026-02-26,14.576341950145318
Marrakech-Safi,2026,2,26,2026-02-26,0.9077233262813835
l'Oriental,2026,2,26,2026-02-26,4.156950962980622
Béni Mellal-Khénifra,2026,2,26,2026-02-26,0.9192622480539135
Casablanca-Settat,2026,2,26,2026-02-26,0.6833736344736396
Rabat-Salé-Kénitra,2026,2,26,2026-02-26,0.8181694155074837
Fès-Meknès,2026,3,6,2026-03-06,2.778470321644434
Guelmim-Oued Noun,2026,3,6,2026-03-06,11.271070065035449
Laâyoune-Sakia El Hamra,2026,3,6,2026-03-06,18.010958805470153
Souss-Massa,2026,3,6,2026-03-06,6.006698103820183
Dakhla-Oued Ed-Dahab,2026,3,6,2026-03-06,6.288339460198027
Tanger-Tétouan-Al Hoceima,2026,3,6,2026-03-06,1.0695496438096306
Drâa-Tafilalet,2026,3,6,2026-03-06,12.755952821795002
Marrakech-Safi,2026,3,6,2026-03-06,1.0219483637893128
l'Oriental,2026,3,6,2026-03-06,5.6847350965578
Béni Mellal-Khénifra,2026,3,6,2026-03-06,1.2607643525074752
Casablanca-Settat,2026,3,6,2026-03-06,0.7973116880186515
Rabat-Salé-Kénitra,2026,3,6,2026-03-06,0.9800441993083262
Fès-Meknès,2026,3,14,2026-03-14,2.7922296442351997
Guelmim-Oued Noun,2026,3,14,2026-03-14,13.452558144431753
Laâyoune-Sakia El Hamra,2026,3,14,2026-03-14,25.89372565926414
Souss-Massa,2026,3,14,2026-03-14,6.855648405241623
Dakhla-Oued Ed-Dahab,2026,3,14,2026-03-14,7.626194717571872
Tanger-Tétouan-Al Hoceima,2026,3,14,2026-03-14,1.099260023079373
Drâa-Tafilalet,2026,3,14,2026-03-14,12.184264346582133
Marrakech-Safi,2026,3,14,2026-03-14,1.0447744712770097
l'Oriental,2026,3,14,2026-03-14,5.413013577030372
Béni Mellal-Khénifra,2026,3,14,2026-03-14,1.2989320058165637
Casablanca-Settat,2026,3,14,2026-03-14,0.7931320928251966
Rabat-Salé-Kénitra,2026,3,14,2026-03-14,0.8377221289707795
Fès-Meknès,2026,3,22,2026-03-22,2.0664580660162284
Guelmim-Oued Noun,2026,3,22,2026-03-22,13.45002129745043
Laâyoune-Sakia El Hamra,2026,3,22,2026-03-22,15.150917622963116
Souss-Massa,2026,3,22,2026-03-22,6.459936526549176
Dakhla-Oued Ed-Dahab,2026,3,22,2026-03-22,6.256383820216463
Tanger-Tétouan-Al Hoceima,2026,3,22,2026-03-22,1.0142701023523688
Drâa-Tafilalet,2026,3,22,2026-03-22,10.773844940394442
Marrakech-Safi,2026,3,22,2026-03-22,1.021471606264295
l'Oriental,2026,3,22,2026-03-22,4.040617469736721
Béni Mellal-Khénifra,2026,3,22,2026-03-22,1.0353849205204628
Casablanca-Settat,2026,3,22,2026-03-22,0.8041146687935607
Rabat-Salé-Kénitra,2026,3,22,2026-03-22,0.920101690939088
Fès-Meknès,2026,3,30,2026-03-30,2.3165052459506077
Guelmim-Oued Noun,2026,3,30,2026-03-30,9.022309978954523
Laâyoune-Sakia El Hamra,2026,3,30,2026-03-30,17.63977691963254
Souss-Massa,2026,3,30,2026-03-30,6.473444834288727
Dakhla-Oued Ed-Dahab,2026,3,30,2026-03-30,5.092888795857561
Tanger-Tétouan-Al Hoceima,2026,3,30,2026-03-30,1.0179283032268551
Drâa-Tafilalet,2026,3,30,2026-03-30,12.24220671048031
Marrakech-Safi,2026,3,30,2026-03-30,1.0394787940545005
l'Oriental,2026,3,30,2026-03-30,4.093894965921626
Béni Mellal-Khénifra,2026,3,30,2026-03-30,1.2749362935786637
Casablanca-Settat,2026,3,30,2026-03-30,0.8908950350804984
Rabat-Salé-Kénitra,2026,3,30,2026-03-30,0.9438175659017556
Fès-Meknès,2026,4,7,2026-04-07,1.9200474104568375
Guelmim-Oued Noun,2026,4,7,2026-04-07,13.784732638284712
Laâyoune-Sakia El Hamra,2026,4,7,2026-04-07,25.66173795178517
Souss-Massa,2026,4,7,2026-04-07,10.217940974071517
Dakhla-Oued Ed-Dahab,2026,4,7,2026-04-07,6.6399834010998795
Tanger-Tétouan-Al Hoceima,2026,4,7,2026-04-07,0.9723633783939307
Drâa-Tafilalet,2026,4,7,2026-04-07,10.620688219562044
Marrakech-Safi,2026,4,7,2026-04-07,1.1459446125854496
l'Oriental,2026,4,7,2026-04-07,5.754996090069474
Béni Mellal-Khénifra,2026,4,7,2026-04-07,1.3093353802404435
Casablanca-Settat,2026,4,7,2026-04-07,0.9887991882543056
Rabat-Salé-Kénitra,2026,4,7,2026-04-07,0.9448341935502158
Fès-Meknès,2026,4,15,2026-04-15,2.1149174340493597
Guelmim-Oued Noun,2026,4,15,2026-04-15,13.020050804365336
Laâyoune-Sakia El Hamra,2026,4,15,2026-04-15,18.860007720423933
Souss-Massa,2026,4,15,2026-04-15,7.561760472140192
Dakhla-Oued Ed-Dahab,2026,4,15,2026-04-15,7.068134057241244
Tanger-Tétouan-Al Hoceima,2026,4,15,2026-04-15,0.8857066852915589
Drâa-Tafilalet,2026,4,15,2026-04-15,10.595778952630905
Marrakech-Safi,2026,4,15,2026-04-15,1.0844943322241558
l'Oriental,2026,4,15,2026-04-15,3.4852926050382735
Béni Mellal-Khénifra,2026,4,15,2026-04-15,1.2849452665889924
Casablanca-Settat,2026,4,15,2026-04-15,1.0106336182485345
Rabat-Salé-Kénitra,2026,4,15,2026-04-15,0.994383458364072
Fès-Meknès,2026,4,23,2026-04-23,1.945101446220115
Guelmim-Oued Noun,2026,4,23,2026-04-23,11.975459937048635
Laâyoune-Sakia El Hamra,2026,4,23,2026-04-23,27.874764537044467
Souss-Massa,2026,4,23,2026-04-23,7.7756385666820655
Dakhla-Oued Ed-Dahab,2026,4,23,2026-04-23,7.8409227694035
Tanger-Tétouan-Al Hoceima,2026,4,23,2026-04-23,0.9638679978967039
Drâa-Tafilalet,2026,4,23,2026-04-23,11.020816603659778
Marrakech-Safi,2026,4,23,2026-04-23,1.2584562571379818
l'Oriental,2026,4,23,2026-04-23,3.605587907909041
Béni Mellal-Khénifra,2026,4,23,2026-04-23,1.2889556205307011
Casablanca-Settat,2026,4,23,2026-04-23,1.1925278098382783
Rabat-Salé-Kénitra,2026,4,23,2026-04-23,1.0685881617806035
Fès-Meknès,2026,5,1,2026-05-01,2.0385283405519976
Guelmim-Oued Noun,2026,5,1,2026-05-01,14.91558830000499
Laâyoune-Sakia El Hamra,2026,5,1,2026-05-01,30.690296322192342
Souss-Massa,2026,5,1,2026-05-01,6.119152142875449
Dakhla-Oued Ed-Dahab,2026,5,1,2026-05-01,8.228873156008609
Tanger-Tétouan-Al Hoceima,2026,5,1,2026-05-01,1.0261445648352718
Drâa-Tafilalet,2026,5,1,2026-05-01,29.22603632801839
Marrakech-Safi,2026,5,1,2026-05-01,1.578289735171355
l'Oriental,2026,5,1,2026-05-01,5.005174179724678
Béni Mellal-Khénifra,2026,5,1,2026-05-01,1.2606232963013917
Casablanca-Settat,2026,5,1,2026-05-01,1.4793833731944217
Rabat-Salé-Kénitra,2026,5,1,2026-05-01,1.2192817151801107
Fès-Meknès,2026,5,9,2026-05-09,1.8300111593464232
Guelmim-Oued Noun,2026,5,9,2026-05-09,13.985378528094103
Laâyoune-Sakia El Hamra,2026,5,9,2026-05-09,29.65376231458208
Souss-Massa,2026,5,9,2026-05-09,7.264208554308237
Dakhla-Oued Ed-Dahab,2026,5,9,2026-05-09,6.357678064957548
Tanger-Tétouan-Al Hoceima,2026,5,9,2026-05-09,1.0401064462911542
Drâa-Tafilalet,2026,5,9,2026-05-09,9.711988713304066
Marrakech-Safi,2026,5,9,2026-05-09,1.7374815264514798
l'Oriental,2026,5,9,2026-05-09,4.195365090545006
Béni Mellal-Khénifra,2026,5,9,2026-05-09,1.5600077444255063
Casablanca-Settat,2026,5,9,2026-05-09,1.651577574548631
Rabat-Salé-Kénitra,2026,5,9,2026-05-09,1.2495341614562805
Fès-Meknès,2026,5,17,2026-05-17,2.069512882832668
Guelmim-Oued Noun,2026,5,17,2026-05-17,14.175720960154353
Laâyoune-Sakia El Hamra,2026,5,17,2026-05-17,26.90788569801359
Souss-Massa,2026,5,17,2026-05-17,13.409019680189072
Dakhla-Oued Ed-Dahab,2026,5,17,2026-05-17,7.300825596639892
Tanger-Tétouan-Al Hoceima,2026,5,17,2026-05-17,1.100853227166308
Drâa-Tafilalet,2026,5,17,2026-05-17,10.712568655528315
Marrakech-Safi,2026,5,17,2026-05-17,2.1203004661499882
l'Oriental,2026,5,17,2026-05-17,4.029429907735122
Béni Mellal-Khénifra,2026,5,17,2026-05-17,1.8314727471487988
Casablanca-Settat,2026,5,17,2026-05-17,2.3206404575580555
Rabat-Salé-Kénitra,2026,5,17,2026-05-17,1.361662586666195
Fès-Meknès,2026,5,25,2026-05-25,2.143073843078821
Guelmim-Oued Noun,2026,5,25,2026-05-25,15.122876165064504
Laâyoune-Sakia El Hamra,2026,5,25,2026-05-25,19.831975550564703
Souss-Massa,2026,5,25,2026-05-25,6.995943836975905
Dakhla-Oued Ed-Dahab,2026,5,25,2026-05-25,6.760288976665856
Tanger-Tétouan-Al Hoceima,2026,5,25,2026-05-25,1.1513691276272764
Drâa-Tafilalet,2026,5,25,2026-05-25,26.368219775651617
Marrakech-Safi,2026,5,25,2026-05-25,2.1397447685268953
l'Oriental,2026,5,25,2026-05-25,4.076936066552543
Béni Mellal-Khénifra,2026,5,25,2026-05-25,1.421125461428761
Casablanca-Settat,2026,5,25,2026-05-25,2.2313954714895075
Rabat-Salé-Kénitra,2026,5,25,2026-05-25,1.5863685055334005
Fès-Meknès,2026,6,2,2026-06-02,2.3952515714303706
Guelmim-Oued Noun,2026,6,2,2026-06-02,12.375783081620451
Laâyoune-Sakia El Hamra,2026,6,2,2026-06-02,21.09350066043593
Souss-Massa,2026,6,2,2026-06-02,8.279048917045666
Dakhla-Oued Ed-Dahab,2026,6,2,2026-06-02,8.268053315279595
Tanger-Tétouan-Al Hoceima,2026,6,2,2026-06-02,1.3632889956173042
Drâa-Tafilalet,2026,6,2,2026-06-02,11.78641771652047
Marrakech-Safi,2026,6,2,2026-06-02,2.271178726722422
l'Oriental,2026,6,2,2026-06-02,4.43517689799044
Béni Mellal-Khénifra,2026,6,2,2026-06-02,2.095280774920526
Casablanca-Settat,2026,6,2,2026-06-02,2.4277573250898494
Rabat-Salé-Kénitra,2026,6,2,2026-06-02,1.7827440703775357
Fès-Meknès,2026,6,10,2026-06-10,2.381758202912207
Guelmim-Oued Noun,2026,6,10,2026-06-10,12.019852014087045
Laâyoune-Sakia El Hamra,2026,6,10,2026-06-10,49.174872011629034
Souss-Massa,2026,6,10,2026-06-10,7.030768325247123
Dakhla-Oued Ed-Dahab,2026,6,10,2026-06-10,5.80468827826317
Tanger-Tétouan-Al Hoceima,2026,6,10,2026-06-10,1.410704976759248
Drâa-Tafilalet,2026,6,10,2026-06-10,8.797574630963197
Marrakech-Safi,2026,6,10,2026-06-10,2.227217120496739
l'Oriental,2026,6,10,2026-06-10,4.719484426442257
Béni Mellal-Khénifra,2026,6,10,2026-06-10,1.9903694578855247
Casablanca-Settat,2026,6,10,2026-06-10,2.4304134199833527
Rabat-Salé-Kénitra,2026,6,10,2026-06-10,1.7501521887314853
Fès-Meknès,2026,6,18,2026-06-18,2.54622486419156
Guelmim-Oued Noun,2026,6,18,2026-06-18,12.70677359900489
Laâyoune-Sakia El Hamra,2026,6,18,2026-06-18,16.78540448782464
Souss-Massa,2026,6,18,2026-06-18,7.275179632613216
Dakhla-Oued Ed-Dahab,2026,6,18,2026-06-18,6.498124142729405
Tanger-Tétouan-Al Hoceima,2026,6,18,2026-06-18,1.420046769730923
Drâa-Tafilalet,2026,6,18,2026-06-18,10.431015888544916
Marrakech-Safi,2026,6,18,2026-06-18,2.3063610514831363
l'Oriental,2026,6,18,2026-06-18,4.620249825269829
Béni Mellal-Khénifra,2026,6,18,2026-06-18,2.1627695336978237
Casablanca-Settat,2026,6,18,2026-06-18,2.3964457641580643
Rabat-Salé-Kénitra,2026,6,18,2026-06-18,1.853504121767868
Fès-Meknès,2026,6,26,2026-06-26,2.836590070720686
Guelmim-Oued Noun,2026,6,26,2026-06-26,15.589110658064882
Laâyoune-Sakia El Hamra,2026,6,26,2026-06-26,20.190964534331023
Souss-Massa,2026,6,26,2026-06-26,9.383090587027759
Dakhla-Oued Ed-Dahab,2026,6,26,2026-06-26,5.997841215202288
Tanger-Tétouan-Al Hoceima,2026,6,26,2026-06-26,1.565181224301573
Drâa-Tafilalet,2026,6,26,2026-06-26,13.987120694342883
Marrakech-Safi,2026,6,26,2026-06-26,2.389288679421519
l'Oriental,2026,6,26,2026-06-26,9.6448023015067
Béni Mellal-Khénifra,2026,6,26,2026-06-26,2.3854031241326434
Casablanca-Settat,2026,6,26,2026-06-26,2.678829192362138
Rabat-Salé-Kénitra,2026,6,26,2026-06-26,2.1424170174553874
Fès-Meknès,2026,7,4,2026-07-04,2.7978681007411637
Guelmim-Oued Noun,2026,7,4,2026-07-04,14.616173299654038
Laâyoune-Sakia El Hamra,2026,7,4,2026-07-04,19.01333189252131
Souss-Massa,2026,7,4,2026-07-04,8.187197002875712
Dakhla-Oued Ed-Dahab,2026,7,4,2026-07-04,7.806266970418938
Tanger-Tétouan-Al Hoceima,2026,7,4,2026-07-04,1.626956687314141
Drâa-Tafilalet,2026,7,4,2026-07-04,17.126605349179137
Marrakech-Safi,2026,7,4,2026-07-04,2.6557924099752697
l'Oriental,2026,7,4,2026-07-04,4.5356950873764434
Béni Mellal-Khénifra,2026,7,4,2026-07-04,2.5447678170797854
Casablanca-Settat,2026,7,4,2026-07-04,2.6819820812521433
Rabat-Salé-Kénitra,2026,7,4,2026-07-04,2.1669080304573254
Fès-Meknès,2026,7,12,2026-07-12,2.7197803593709824
Guelmim-Oued Noun,2026,7,12,2026-07-12,13.79086122527227
Laâyoune-Sakia El Hamra,2026,7,12,2026-07-12,17.073011927213038
Souss-Massa,2026,7,12,2026-07-12,8.40628718214091
Dakhla-Oued Ed-Dahab,2026,7,12,2026-07-12,4.537941335237901
Tanger-Tétouan-Al Hoceima,2026,7,12,2026-07-12,1.627110734714107
Drâa-Tafilalet,2026,7,12,2026-07-12,19.973882969452287
Marrakech-Safi,2026,7,12,2026-07-12,2.4838640389547666
l'Oriental,2026,7,12,2026-07-12,4.476678457257073
Béni Mellal-Khénifra,2026,7,12,2026-07-12,2.3564643445486912
Casablanca-Settat,2026,7,12,2026-07-12,2.7640819484855057
Rabat-Salé-Kénitra,2026,7,12,2026-07-12,1.9620166302934097
