nom_fr,date,NDVI,NDWI,NDDI_corrige
Fès-Meknès,2024-01-01,0.3437491302748582,-0.0403368669280188,1.6103929032552762
Guelmim-Oued Noun,2024-01-01,0.09148629248202585,-0.07489051334637441,4.038998645327966
Laâyoune-Sakia El Hamra,2024-01-01,0.08085701882769947,-0.08795011815380019,5.691214511722618
Souss-Massa,2024-01-01,0.16804906042326437,-0.0850146241583834,4.054387847318738
Dakhla-Oued Ed-Dahab,2024-01-01,0.06914566338316079,-0.0927553622860939,2.6054612302100764
Tanger-Tétouan-Al Hoceima,2024-01-01,0.49750971088440116,0.08552598587748839,0.7960193703581933
Drâa-Tafilalet,2024-01-01,0.13408178939365406,-0.08615150685776475,2.1421867189452333
Marrakech-Safi,2024-01-01,0.25176643585056513,-0.04837762842664771,2.3304029814138976
l'Oriental,2024-01-01,0.22647627686810612,-0.08632336695634858,0.8168315319245733
Béni Mellal-Khénifra,2024-01-01,0.2905683317719204,-0.00780408602620281,1.6800261512902461
Casablanca-Settat,2024-01-01,0.33640014795883805,0.023688975776273713,1.4034447024951326
Rabat-Salé-Kénitra,2024-01-01,0.4442376709800732,0.05735826924296795,1.0757214217468172
Fès-Meknès,2024-01-09,0.33837076062337895,-0.06309776844195213,0.6672716324016015
Guelmim-Oued Noun,2024-01-09,0.08727241092694575,-0.04890045325837297,5.141719368021784
Laâyoune-Sakia El Hamra,2024-01-09,0.0783079915006869,-0.07891228544608353,5.0580791716976625
Souss-Massa,2024-01-09,0.1619556357970826,-0.07354078217806584,2.8174214250535643
Dakhla-Oued Ed-Dahab,2024-01-09,0.06608615095496503,-0.05860224849071685,1.627757715745403
Tanger-Tétouan-Al Hoceima,2024-01-09,0.4747100008941033,0.08567634331727773,0.8291807164140248
Drâa-Tafilalet,2024-01-09,0.12805309197355236,-0.08323088238913855,1.544338652508582
Marrakech-Safi,2024-01-09,0.2590809148888817,-0.04752606034456326,2.6045163036967764
l'Oriental,2024-01-09,0.2449819885259588,-0.08303523008876436,1.758955729624325
Béni Mellal-Khénifra,2024-01-09,0.24610082907275607,-0.03311138113900334,1.9267367621081453
Casablanca-Settat,2024-01-09,0.31387922176694877,0.01765031807831307,2.3359156829690413
Rabat-Salé-Kénitra,2024-01-09,0.412012482654025,0.04730402004015717,0.16139170538881764
Fès-Meknès,2024-01-17,0.3699745432486475,-0.03258625857263521,1.131987715348632
Guelmim-Oued Noun,2024-01-17,0.08940952320765992,-0.05894496073737631,4.1793725069485435
Laâyoune-Sakia El Hamra,2024-01-17,0.07260918791590569,-0.06057729044608197,2.113241305036231
Souss-Massa,2024-01-17,0.16063278210406864,-0.08040907006507658,4.308224769333934
Dakhla-Oued Ed-Dahab,2024-01-17,0.057955657969827656,-0.037018470022617,3.5737337047148303
Tanger-Tétouan-Al Hoceima,2024-01-17,0.48293398937156357,0.09444351976355887,1.0389617170329322
Drâa-Tafilalet,2024-01-17,0.11992382586296188,-0.08495830560235527,1.153639570720833
Marrakech-Safi,2024-01-17,0.2681579924133357,-0.041789131539050034,2.198138487999863
l'Oriental,2024-01-17,0.24690880712157146,-0.08384902719778663,2.2037190072855912
Béni Mellal-Khénifra,2024-01-17,0.2745160949017972,-0.022930206890678897,1.9889592171822796
Casablanca-Settat,2024-01-17,0.3369813653111742,0.025285821809065138,0.9376528118852687
Rabat-Salé-Kénitra,2024-01-17,0.42311944310952165,0.05579707092027241,1.4462155301726944
Fès-Meknès,2024-01-25,0.40069933184942197,-0.022344239498561146,1.5588393828196911
Guelmim-Oued Noun,2024-01-25,0.09434069556058473,-0.07732164878633155,5.3397685938167925
Laâyoune-Sakia El Hamra,2024-01-25,0.07991697842883738,-0.08481589622503768,5.157139536862095
Souss-Massa,2024-01-25,0.1652181798145426,-0.09484972279960896,4.159100794079765
Dakhla-Oued Ed-Dahab,2024-01-25,0.07009501195777662,-0.06907697454402957,3.470937553092283
Tanger-Tétouan-Al Hoceima,2024-01-25,0.48121922819227325,0.10876072453416608,0.8408884219912068
Drâa-Tafilalet,2024-01-25,0.11966705453429817,-0.08964276572727752,3.8183551406499134
Marrakech-Safi,2024-01-25,0.2671550766247657,-0.050705284279018575,3.0014193840166756
l'Oriental,2024-01-25,0.19743037187528717,-0.06853920099907417,2.95759600652195
Béni Mellal-Khénifra,2024-01-25,0.2530840405494797,-0.04620381233647985,3.9150311510944427
Casablanca-Settat,2024-01-25,0.2989369283695849,0.05456007005072783,1.4377451194185038
Rabat-Salé-Kénitra,2024-01-25,0.4205016919977956,0.05691644876849341,0.9346114716907701
Fès-Meknès,2024-02-02,0.365024274299744,-0.02326310609649303,2.3440083326121024
Guelmim-Oued Noun,2024-02-02,0.08874107007706336,-0.08578990967975143,6.153494731957794
Laâyoune-Sakia El Hamra,2024-02-02,0.07904974083478195,-0.07851722539476344,4.588151859588817
Souss-Massa,2024-02-02,0.15019985176079614,-0.09625133197351778,4.7384417293592405
Dakhla-Oued Ed-Dahab,2024-02-02,0.07821865347875968,-0.06578193958700994,3.75744543227688
Tanger-Tétouan-Al Hoceima,2024-02-02,0.4887857022688178,0.09768638303361893,0.8436588550252604
Drâa-Tafilalet,2024-02-02,0.12629894622511756,-0.070107283281788,2.4787744156889997
Marrakech-Safi,2024-02-02,0.2473044070104319,-0.06559994467873821,2.526098278031144
l'Oriental,2024-02-02,0.2082500925775131,-0.08622638176442024,0.4182809142597691
Béni Mellal-Khénifra,2024-02-02,0.24557543798120562,-0.04341365210327111,2.3833222679551986
Casablanca-Settat,2024-02-02,0.3258148691609746,-0.007709956286512356,1.5644353418333727
Rabat-Salé-Kénitra,2024-02-02,0.40709089521954744,0.027540040198820094,1.0569549208688727
Fès-Meknès,2024-02-10,0.4554004944462614,0.06374310476936172,1.2352387608789916
Guelmim-Oued Noun,2024-02-10,0.09295194520281484,-0.07229767092389076,7.555447505703748
Laâyoune-Sakia El Hamra,2024-02-10,0.06951312561356032,-0.06934589202424168,4.414880715019338
Souss-Massa,2024-02-10,0.1641439726799514,-0.07215856632598423,3.65664997045493
Dakhla-Oued Ed-Dahab,2024-02-10,0.06858509734358001,-0.06013241355451656,4.2105727047958315
Tanger-Tétouan-Al Hoceima,2024-02-10,0.5127032027203191,0.12180465695958714,0.7207171384020665
Drâa-Tafilalet,2024-02-10,0.13004750224915473,-0.08696494013444572,1.7533427471858578
Marrakech-Safi,2024-02-10,0.2598221459600102,-0.026060368445649063,2.532070022794738
l'Oriental,2024-02-10,0.2515077980725372,-0.07653130790279465,2.9851514233907124
Béni Mellal-Khénifra,2024-02-10,0.2769886348335778,-0.009408249066011868,1.5490552693200128
Casablanca-Settat,2024-02-10,0.3409430209867239,0.052604509451664005,0.973385778893369
Rabat-Salé-Kénitra,2024-02-10,0.41551500206550673,0.0718770243221896,0.6117346498414897
Fès-Meknès,2024-02-18,0.42276436536548184,0.02750212296229924,1.2794713478546786
Guelmim-Oued Noun,2024-02-18,0.08343971037655495,-0.05834049986430559,6.5067743074584
Laâyoune-Sakia El Hamra,2024-02-18,0.07591232040233771,-0.07796180251075635,4.42843672786117
Souss-Massa,2024-02-18,0.16191123621137254,-0.05959413414596915,3.3048596420430103
Dakhla-Oued Ed-Dahab,2024-02-18,0.07408529973799498,-0.07158101092624322,4.272647729177567
Tanger-Tétouan-Al Hoceima,2024-02-18,0.49507340241742787,0.1144815712849117,0.7344435480274906
Drâa-Tafilalet,2024-02-18,0.12031694974145014,-0.08452310409903362,3.3016204972107293
Marrakech-Safi,2024-02-18,0.25717844363820214,-0.015266704871927128,1.7130694070762866
l'Oriental,2024-02-18,0.19606468270460733,-0.08187462255537019,3.2075104730925394
Béni Mellal-Khénifra,2024-02-18,0.2600123644475786,-0.037125357183740625,2.020385907659924
Casablanca-Settat,2024-02-18,0.29717889970234884,0.0428273953278646,1.647049172339233
Rabat-Salé-Kénitra,2024-02-18,0.4193796755939142,0.07143665518189138,0.8345188267825157
Fès-Meknès,2024-02-26,0.4451484721737505,0.06813891803586401,0.9197235345826984
Guelmim-Oued Noun,2024-02-26,0.08321692067706206,-0.0658885025270185,3.781825784933429
Laâyoune-Sakia El Hamra,2024-02-26,0.07043256850699432,-0.07297539784138547,4.931661813570978
Souss-Massa,2024-02-26,0.15648404496920273,-0.0612266513557392,2.6800681199459135
Dakhla-Oued Ed-Dahab,2024-02-26,0.06560472165444876,-0.06503152231882135,3.325054623209287
Tanger-Tétouan-Al Hoceima,2024-02-26,0.5089838240942369,0.12276429361459895,0.8730273732273112
Drâa-Tafilalet,2024-02-26,0.11755922133608228,-0.05793972897717681,2.83611069674101
Marrakech-Safi,2024-02-26,0.24759806344468605,-0.03253931902419435,1.8978018142209618
l'Oriental,2024-02-26,0.1907830414678238,-0.08424366866340935,5.5478322048856885
Béni Mellal-Khénifra,2024-02-26,0.2596962643847673,-0.010065761872153526,1.628227910343904
Casablanca-Settat,2024-02-26,0.3160612215880474,0.046929041183466136,1.053601124260385
Rabat-Salé-Kénitra,2024-02-26,0.43871322144494207,0.0578533167122819,0.8115976403404509
Fès-Meknès,2024-03-05,0.4906864642868365,0.09885946970144842,0.6548939834515128
Guelmim-Oued Noun,2024-03-05,0.0892944749186981,-0.05949136290049902,3.2678284152872754
Laâyoune-Sakia El Hamra,2024-03-05,0.07104294365716343,-0.07346600697671404,2.688098541394667
Souss-Massa,2024-03-05,0.15011459563438753,-0.04769490389118893,2.175684035428517
Dakhla-Oued Ed-Dahab,2024-03-05,0.06198744390849716,-0.06282015428544505,3.1774081557915013
Tanger-Tétouan-Al Hoceima,2024-03-05,0.5045660613637403,0.1329555204997606,0.899285299151225
Drâa-Tafilalet,2024-03-05,0.1214181689374976,-0.07248333631472736,1.747880491846603
Marrakech-Safi,2024-03-05,0.23487948125388552,-0.030025157340645033,2.0391957653897275
l'Oriental,2024-03-05,0.2164912811979001,-0.07712472409996242,2.408025896415226
Béni Mellal-Khénifra,2024-03-05,0.25360323686450403,-0.027349573904281634,1.8486737188944888
Casablanca-Settat,2024-03-05,0.26491229486905415,-0.00324152675053804,1.551767520914437
Rabat-Salé-Kénitra,2024-03-05,0.42683385710690164,0.08184282853018973,0.9875359778977181
Fès-Meknès,2024-03-13,0.4606840332925556,0.10303110869678024,0.8090770465856109
Guelmim-Oued Noun,2024-03-13,0.09230175329600819,-0.07528650167890913,5.221170524532916
Laâyoune-Sakia El Hamra,2024-03-13,0.07677038608015309,-0.08054911142548936,3.1749812257163073
Souss-Massa,2024-03-13,0.17201181617625136,-0.07459532940899277,2.9702146290350506
Dakhla-Oued Ed-Dahab,2024-03-13,0.07773670591942533,-0.06379289240562372,2.832788829997982
Tanger-Tétouan-Al Hoceima,2024-03-13,0.46195932620251967,0.11701425583830431,1.0782902599242725
Drâa-Tafilalet,2024-03-13,0.12251878597709438,-0.07846536670223841,2.851400983526136
Marrakech-Safi,2024-03-13,0.29199159050148205,-0.04240959524550431,1.6069298004872345
l'Oriental,2024-03-13,0.1931494359018734,-0.08078206004060895,4.172467755009832
Béni Mellal-Khénifra,2024-03-13,0.2850265785469854,-0.007957591269920117,1.417237497856216
Casablanca-Settat,2024-03-13,0.36948140209855607,0.02538049118401698,1.08365958587562
Rabat-Salé-Kénitra,2024-03-13,0.439117434221726,0.0931333610779812,0.7236243233793571
Fès-Meknès,2024-03-21,0.43890059372749884,0.12490704828845287,0.6724041304017984
Guelmim-Oued Noun,2024-03-21,0.11118035808126756,-0.07821300066864029,4.277239614191274
Laâyoune-Sakia El Hamra,2024-03-21,0.07650916697457988,-0.07937377172936197,5.101332156288211
Souss-Massa,2024-03-21,0.17462541112055724,-0.0684677306119023,2.627409194455993
Dakhla-Oued Ed-Dahab,2024-03-21,0.07485420349531056,-0.07077809489546842,4.121632371357529
Tanger-Tétouan-Al Hoceima,2024-03-21,0.32950574550051764,0.1521312912330895,0.6156555041171823
Drâa-Tafilalet,2024-03-21,0.11811753375858149,-0.07220670767981674,-1.4482624308594714
Marrakech-Safi,2024-03-21,0.27333984643494436,-0.023946098120564092,1.5402442557262295
l'Oriental,2024-03-21,0.2062815157987745,-0.030488539785101174,1.5946137352768799
Béni Mellal-Khénifra,2024-03-21,0.3246989086364685,0.05284975725459753,0.8331878708849565
Casablanca-Settat,2024-03-21,0.30437648500576625,0.06148969262262043,0.8207626018637866
Rabat-Salé-Kénitra,2024-03-21,0.442689989360208,0.16793142270102127,0.4643654200241815
Fès-Meknès,2024-03-29,0.49686172682546154,0.16147210074764765,0.533643699581907
Guelmim-Oued Noun,2024-03-29,0.0833376078657863,-0.06268450163074143,3.0088590401924495
Laâyoune-Sakia El Hamra,2024-03-29,0.07997480915450739,-0.07808443951117726,3.6141946970925662
Souss-Massa,2024-03-29,0.16644242316668934,-0.06106052955075462,2.03494836967203
Dakhla-Oued Ed-Dahab,2024-03-29,0.0675493372089059,-0.07612234545798167,4.571059225167825
Tanger-Tétouan-Al Hoceima,2024-03-29,0.4973328841348884,0.15343675997684653,0.6587764612214815
Drâa-Tafilalet,2024-03-29,0.1283927435557256,-0.07031957818766232,1.8678175587456645
Marrakech-Safi,2024-03-29,0.26251422905924826,-0.017435255423799152,1.4018459150150853
l'Oriental,2024-03-29,0.21708299281792626,-0.0767702070804795,3.5723092878543636
Béni Mellal-Khénifra,2024-03-29,0.3203799926192574,0.044847144689038415,0.9757957948323286
Casablanca-Settat,2024-03-29,0.28034907520612584,0.0327731812039461,2.3297542103113598
Rabat-Salé-Kénitra,2024-03-29,0.43757140287012136,0.12722832283186813,0.7290722132019413
Fès-Meknès,2024-04-06,0.4619892777566911,0.13599947679276206,0.6727339032793068
Guelmim-Oued Noun,2024-04-06,0.0756087363617193,-0.06250916633400737,2.878023279272212
Laâyoune-Sakia El Hamra,2024-04-06,0.07090567627810686,-0.07542215468026532,4.265172077730786
Souss-Massa,2024-04-06,0.1535701118432333,-0.059742675299193526,2.781444837420802
Dakhla-Oued Ed-Dahab,2024-04-06,0.06711708290809082,-0.060788975952386595,3.22120825408449
Tanger-Tétouan-Al Hoceima,2024-04-06,0.4688881977326174,0.10966701854361385,0.8820057652773459
Drâa-Tafilalet,2024-04-06,0.13184332889823006,-0.06239649753776339,1.3757461195273109
Marrakech-Safi,2024-04-06,0.27234631003506454,-0.022604945139039195,1.4227646551873105
l'Oriental,2024-04-06,0.1976555908173702,-0.07178447856024199,3.4208323956146267
Béni Mellal-Khénifra,2024-04-06,0.3184184629784259,0.030226111949511,1.0285554362869385
Casablanca-Settat,2024-04-06,0.28686929715789805,0.02954117020046141,1.6183437370768654
Rabat-Salé-Kénitra,2024-04-06,0.39028101066875376,0.08059412569476486,0.8211005520269403
Fès-Meknès,2024-04-14,0.4675393034607473,0.13972953286689685,0.5730027646360059
Guelmim-Oued Noun,2024-04-14,0.08692660256789815,-0.08244441496237538,5.337803751242367
Laâyoune-Sakia El Hamra,2024-04-14,0.08062374246376552,-0.08104950599324573,5.3018383937872855
Souss-Massa,2024-04-14,0.17667011783907158,-0.09513954659370548,3.453156206072001
Dakhla-Oued Ed-Dahab,2024-04-14,0.0793402600403298,-0.07109640774442437,3.2140510400797146
Tanger-Tétouan-Al Hoceima,2024-04-14,0.47436836223510626,0.1092762968641763,0.6183656962046662
Drâa-Tafilalet,2024-04-14,0.13098599494156407,-0.07214661012420368,1.1639248531323054
Marrakech-Safi,2024-04-14,0.257359678249673,-0.03602355936436408,1.9450136757126855
l'Oriental,2024-04-14,0.20689670993295592,-0.07261453501422498,2.764305688912035
Béni Mellal-Khénifra,2024-04-14,0.3074562235855895,0.037541579045352456,0.9484694687823184
Casablanca-Settat,2024-04-14,0.28613419710228677,0.02425166458267889,1.2486722148345661
Rabat-Salé-Kénitra,2024-04-14,0.40309319982495234,0.07586805639793968,0.880415042880316
Fès-Meknès,2024-04-22,0.4157293201711892,0.08211060171685282,0.8383476145706796
Guelmim-Oued Noun,2024-04-22,0.09680469555572593,-0.07671457864193831,5.451439452916189
Laâyoune-Sakia El Hamra,2024-04-22,0.08008827220690617,-0.0855219495149049,0.42003951159142056
Souss-Massa,2024-04-22,0.15338093417044868,-0.07899047436670176,3.02591447158167
Dakhla-Oued Ed-Dahab,2024-04-22,0.08287315555984959,-0.0718446896720702,5.342307371931098
Tanger-Tétouan-Al Hoceima,2024-04-22,0.4558318467888525,0.08339112023329813,0.846392278011405
Drâa-Tafilalet,2024-04-22,0.1273349583480069,-0.06271333711696532,2.0113001609938137
Marrakech-Safi,2024-04-22,0.2515028145156608,-0.05483276736788376,1.806404712464174
l'Oriental,2024-04-22,0.18603822850813506,-0.08500184357541575,1.3812583841172772
Béni Mellal-Khénifra,2024-04-22,0.31698172073659703,0.01301528598314555,1.099532363592133
Casablanca-Settat,2024-04-22,0.2730836669670808,-0.042288890798013845,1.8871217595683942
Rabat-Salé-Kénitra,2024-04-22,0.38623665889658537,0.027300107240653574,0.9813980705905768
Fès-Meknès,2024-04-30,0.3935693733550837,0.06300113141606359,1.021533765635129
Guelmim-Oued Noun,2024-04-30,0.08802232517359672,-0.07177988395396986,4.301174187453692
Laâyoune-Sakia El Hamra,2024-04-30,0.07911484267347402,-0.08149538141662344,6.528820692616405
Souss-Massa,2024-04-30,0.15797766587345943,-0.07535574875581376,3.1165436814644347
Dakhla-Oued Ed-Dahab,2024-04-30,0.07680736741945955,-0.07397768118792397,4.007907923813696
Tanger-Tétouan-Al Hoceima,2024-04-30,0.44841491120695687,0.08505843916409235,0.885186161890061
Drâa-Tafilalet,2024-04-30,0.13036132566093342,-0.07399612538072274,-0.23368873548208705
Marrakech-Safi,2024-04-30,0.23253149906250292,-0.05713951223165053,2.0105778463915116
l'Oriental,2024-04-30,0.20079668020079314,-0.08905177282574729,4.284819303957835
Béni Mellal-Khénifra,2024-04-30,0.2931893179846551,-0.0023725246693688837,1.3174182883351588
Casablanca-Settat,2024-04-30,0.2468579884480294,-0.04599516749210165,1.713359583479048
Rabat-Salé-Kénitra,2024-04-30,0.347527070695901,-0.046117877326004995,1.2291624968417
Fès-Meknès,2024-05-08,0.3741331395808896,0.059475391813271966,1.059124341196169
Guelmim-Oued Noun,2024-05-08,0.06916226219012311,0.0022312361397018674,2.1430573003839846
Laâyoune-Sakia El Hamra,2024-05-08,0.07809817192595342,-0.04695280455404606,2.316372470532203
Souss-Massa,2024-05-08,0.12712929734957112,-0.016676172205588806,2.29038698427484
Dakhla-Oued Ed-Dahab,2024-05-08,0.08112027847926821,-0.0637814472060843,2.1382042866276185
Tanger-Tétouan-Al Hoceima,2024-05-08,0.45724044581011264,0.10376117821378983,0.74313643102451
Drâa-Tafilalet,2024-05-08,0.13073250171006798,-0.06768701573615984,1.3397347804968776
Marrakech-Safi,2024-05-08,0.2187726206927431,-0.06488351270464464,2.736074067102524
l'Oriental,2024-05-08,0.1783994798647366,-0.07827887585693909,2.923431975204255
Béni Mellal-Khénifra,2024-05-08,0.288323389237722,7.11989913176886E-4,1.3788630242160915
Casablanca-Settat,2024-05-08,0.2147976348294053,-0.011852208290400802,1.3156636012701004
Rabat-Salé-Kénitra,2024-05-08,0.40734633014701865,0.05812058752776194,0.9733382922837186
Fès-Meknès,2024-05-16,0.3081771723136468,3.3589524342049465E-4,1.6199525908586074
Guelmim-Oued Noun,2024-05-16,0.09225718798216202,-0.0889117858044578,6.0821556434908945
Laâyoune-Sakia El Hamra,2024-05-16,0.07840717560736166,-0.0995958510222205,5.510290114752335
Souss-Massa,2024-05-16,0.14264260219912558,-0.08423433275789903,3.944804545636137
Dakhla-Oued Ed-Dahab,2024-05-16,0.07949059921385035,-0.0831765470689337,4.2140532488247935
Tanger-Tétouan-Al Hoceima,2024-05-16,0.4484079608891075,0.07448430389175092,1.1270639781986556
Drâa-Tafilalet,2024-05-16,0.11891623168965972,-0.070812902493332,1.6685443095629375
Marrakech-Safi,2024-05-16,0.20589083931121227,-0.07157708402186852,2.430611684530053
l'Oriental,2024-05-16,0.17633062084802967,-0.08807216787335641,2.6312927814248455
Béni Mellal-Khénifra,2024-05-16,0.24896829212800906,-0.022836850584199105,1.7617656451942607
Casablanca-Settat,2024-05-16,0.24011279998345997,-0.06483459586408676,2.8657467483465835
Rabat-Salé-Kénitra,2024-05-16,0.31762517177722244,-0.02245174384965053,1.2953179306473062
Fès-Meknès,2024-05-24,0.26183195422021377,-0.012985818468440996,2.230924479040072
Guelmim-Oued Noun,2024-05-24,0.06388481765672178,-0.05586619193139094,1.238945491457858
Laâyoune-Sakia El Hamra,2024-05-24,0.07551828482756108,-0.08173321552226347,3.309482659587626
Souss-Massa,2024-05-24,0.13403015775023494,-0.08628241302370626,4.686384825072771
Dakhla-Oued Ed-Dahab,2024-05-24,0.0707371564912052,-0.07308616411916322,4.027356630692927
Tanger-Tétouan-Al Hoceima,2024-05-24,0.3447830638508366,0.01674073583448089,1.295638005996885
Drâa-Tafilalet,2024-05-24,0.12799639382860162,-0.06269908899739735,1.6057829700253452
Marrakech-Safi,2024-05-24,0.1927932966093135,-0.08074034864168994,2.9370806298398002
l'Oriental,2024-05-24,0.1628708309845978,-0.09459978307347733,2.6142343364761835
Béni Mellal-Khénifra,2024-05-24,0.2405003065694842,-0.019357260095416638,1.551030629434487
Casablanca-Settat,2024-05-24,0.22368034560656716,-0.06657929167014835,1.5830249516894757
Rabat-Salé-Kénitra,2024-05-24,0.2774825782230614,-0.023871395365963936,1.6785513714088094
Fès-Meknès,2024-06-01,0.2687677754057506,-0.02009121164220797,2.026762178054785
Guelmim-Oued Noun,2024-06-01,0.09630851266356023,-0.08682373842191421,4.857840554104324
Laâyoune-Sakia El Hamra,2024-06-01,0.09569507257695865,-0.09664068252948468,2.676906067396913
Souss-Massa,2024-06-01,0.17563572372283018,-0.11231288038657529,4.509798921287723
Dakhla-Oued Ed-Dahab,2024-06-01,0.0782957349510515,-0.07723151602392715,4.4220141298092495
Tanger-Tétouan-Al Hoceima,2024-06-01,0.3169277047107624,0.006687855015769561,1.488512484821175
Drâa-Tafilalet,2024-06-01,0.125547908042952,-0.06927010851905831,2.454957711700802
Marrakech-Safi,2024-06-01,0.19484485949296607,-0.09317471103393288,3.3930285344695985
l'Oriental,2024-06-01,0.15568545410259882,-0.08312901153038808,1.8279866329659873
Béni Mellal-Khénifra,2024-06-01,0.25162840878846754,-0.024431802575292743,1.6502519248374854
Casablanca-Settat,2024-06-01,0.2621111712826429,-0.08201461308159079,2.6884572740383765
Rabat-Salé-Kénitra,2024-06-01,0.3507624520369636,-0.038089630710178034,2.1521998893962735
Fès-Meknès,2024-06-09,0.24455795701880653,-0.04450084593609577,3.760658759128908
Guelmim-Oued Noun,2024-06-09,0.08994722326857967,-0.08012027339286111,3.6292119364082986
Laâyoune-Sakia El Hamra,2024-06-09,0.08080613159596797,-0.08746675928350457,3.155738227417674
Souss-Massa,2024-06-09,0.13805989028241436,-0.09318167253400111,4.008922381428191
Dakhla-Oued Ed-Dahab,2024-06-09,0.07457938089032444,-0.07327131453943395,3.238617318320407
Tanger-Tétouan-Al Hoceima,2024-06-09,0.32042273947798067,-0.017873718017906753,1.4416984689594277
Drâa-Tafilalet,2024-06-09,0.12111180014483265,-0.07192969321686606,3.8642127865339098
Marrakech-Safi,2024-06-09,0.2083011892493781,-0.09026679014656812,3.0786463900800687
l'Oriental,2024-06-09,0.16121625060897618,-0.09908114214169142,1.5693263474230228
Béni Mellal-Khénifra,2024-06-09,0.23173147871131494,-0.033348918297409345,1.759226510001735
Casablanca-Settat,2024-06-09,0.24063728792226127,-0.06652247026964958,2.464300893448479
Rabat-Salé-Kénitra,2024-06-09,0.3085517667398779,-0.0401530924010728,1.665255673071733
Fès-Meknès,2024-06-17,0.24851897620276348,-0.04564004570046365,2.0019719558618907
Guelmim-Oued Noun,2024-06-17,0.10278070795951198,-0.09234952415373864,0.9745125293958302
Laâyoune-Sakia El Hamra,2024-06-17,0.07635523529512658,-0.0818110645898083,-0.3262727791632549
Souss-Massa,2024-06-17,0.1380744745038025,-0.08922845442935133,3.2104256125497455
Dakhla-Oued Ed-Dahab,2024-06-17,0.07446866882709076,-0.07604630012487978,2.9265463172751622
Tanger-Tétouan-Al Hoceima,2024-06-17,0.3221775968006289,-0.02365101270066416,1.7650122955840917
Drâa-Tafilalet,2024-06-17,0.1084676738830384,-0.06660025012207434,2.1743678219178784
Marrakech-Safi,2024-06-17,0.1899073796327253,-0.08688593012260895,3.0425982581633484
l'Oriental,2024-06-17,0.174650991484362,-0.1009794734332475,3.2067354794693186
Béni Mellal-Khénifra,2024-06-17,0.22813453205417927,-0.040877343325637194,1.974131180879504
Casablanca-Settat,2024-06-17,0.2048677316807116,-0.06260599897413315,1.777675660735638
Rabat-Salé-Kénitra,2024-06-17,0.2811997923850904,-0.05988061596920488,1.6496383942953576
Fès-Meknès,2024-06-25,0.23811746410034554,-0.055825168653224934,3.104443613913737
Guelmim-Oued Noun,2024-06-25,0.09520683505298068,-0.09290663835627154,4.71959112773688
Laâyoune-Sakia El Hamra,2024-06-25,0.07584400656356476,-0.08419479474531379,-2.331748841944195
Souss-Massa,2024-06-25,0.13024384283372376,-0.09164579139620299,5.77922167992081
Dakhla-Oued Ed-Dahab,2024-06-25,0.07235462687975308,-0.07271265465241455,1.4404207386339085
Tanger-Tétouan-Al Hoceima,2024-06-25,0.34613390706631697,-0.02861850443945343,1.7116752720770492
Drâa-Tafilalet,2024-06-25,0.11762293174815894,-0.07615448316764961,1.9931581983810993
Marrakech-Safi,2024-06-25,0.1919323739341898,-0.09846637998467998,3.5286139405271046
l'Oriental,2024-06-25,0.17318749231855216,-0.11110144898658016,-0.2922114757003443
Béni Mellal-Khénifra,2024-06-25,0.248236779600753,-0.03974777305608765,1.9477913873020227
Casablanca-Settat,2024-06-25,0.22233216310431667,-0.09214382073816102,2.8966341576326355
Rabat-Salé-Kénitra,2024-06-25,0.3093080131713671,-0.05518579231824631,1.3040076667122267
Fès-Meknès,2024-07-03,0.23137028707507767,-0.049691496180945975,2.683613526793122
Guelmim-Oued Noun,2024-07-03,0.06676861183694921,-0.0539957449659326,3.3852043352704184
Laâyoune-Sakia El Hamra,2024-07-03,0.07792086190513084,-0.08173556941807289,1.9646778924675758
Souss-Massa,2024-07-03,0.13588940522306164,-0.10024283045148669,5.248628620418894
Dakhla-Oued Ed-Dahab,2024-07-03,0.0711201983524565,-0.07592907734437343,4.895075337454113
Tanger-Tétouan-Al Hoceima,2024-07-03,0.31387413181160895,-0.023226569321215144,1.3626614615480082
Drâa-Tafilalet,2024-07-03,0.11630469044640461,-0.06838896221605108,0.7444537825062844
Marrakech-Safi,2024-07-03,0.18920967026667992,-0.09061965423087452,3.7271141513289496
l'Oriental,2024-07-03,0.16719636789609404,-0.09816241915606237,3.970665674391686
Béni Mellal-Khénifra,2024-07-03,0.23235871820649445,-0.03397980857470932,2.0036859309919266
Casablanca-Settat,2024-07-03,0.22356607984116736,-0.05165310115935078,2.4053627362260075
Rabat-Salé-Kénitra,2024-07-03,0.28518449944981894,-0.03962469495297577,1.8217846930489738
Fès-Meknès,2024-07-11,0.21705202443528007,-0.04852511194325681,3.711195810479245
Guelmim-Oued Noun,2024-07-11,0.05409248540993206,-0.029380785464861725,-0.2895727890149525
Laâyoune-Sakia El Hamra,2024-07-11,0.06442681824356969,-0.07357114769315191,-7.2179035696831075
Souss-Massa,2024-07-11,0.12274585767951718,-0.08968098071545165,5.675826646567898
Dakhla-Oued Ed-Dahab,2024-07-11,0.06613279090638534,-0.06328973674170263,0.42903790648662427
Tanger-Tétouan-Al Hoceima,2024-07-11,0.30610154540571766,-0.03640047435197204,1.9787327216350796
Drâa-Tafilalet,2024-07-11,0.10710800730882736,-0.06718868312784691,2.1845495951923795
Marrakech-Safi,2024-07-11,0.1774241392145457,-0.09954092787445723,4.634877519982581
l'Oriental,2024-07-11,0.15251614245214715,-0.10050908988497077,0.23473401789111534
Béni Mellal-Khénifra,2024-07-11,0.210920305701348,-0.03743948800533561,1.9334921824382412
Casablanca-Settat,2024-07-11,0.19713844967671174,-0.07531409943022876,1.9782989058124882
Rabat-Salé-Kénitra,2024-07-11,0.27731280499341665,-0.0664960785565946,2.2518663968481705
Fès-Meknès,2024-07-19,0.2235213852134253,-0.05316429139841171,2.950887591858428
Guelmim-Oued Noun,2024-07-19,0.0717586498190109,-0.08367974437212992,-7.75722585046942
Laâyoune-Sakia El Hamra,2024-07-19,0.06687695739435151,-0.08272809789678097,-9.644466154657907
Souss-Massa,2024-07-19,0.10481976194502857,-0.0894403869449974,3.5670482508857697
Dakhla-Oued Ed-Dahab,2024-07-19,0.0688849228420649,-0.06351132232906355,1.0098358755471981
Tanger-Tétouan-Al Hoceima,2024-07-19,0.3045423871585175,-0.02804491650930127,1.8790582220416059
Drâa-Tafilalet,2024-07-19,0.11746423824699505,-0.07741813597467184,0.3693099745659496
Marrakech-Safi,2024-07-19,0.17501955073053993,-0.1017066960429905,5.049825624730046
l'Oriental,2024-07-19,0.16651467919682977,-0.10653951412990097,0.843530893666586
Béni Mellal-Khénifra,2024-07-19,0.21737894368292007,-0.04122892099045902,2.114248453080133
Casablanca-Settat,2024-07-19,0.20331914900169054,-0.08526312852355694,2.7052650188036944
Rabat-Salé-Kénitra,2024-07-19,0.2838226294176984,-0.06339820169249112,2.4132498544629204
Fès-Meknès,2024-07-27,0.22503331088696957,-0.035441974172290974,2.22397429087814
Guelmim-Oued Noun,2024-07-27,0.08609172383285688,-0.09862913378146083,-10.396244798715774
Laâyoune-Sakia El Hamra,2024-07-27,0.08051378677017676,-0.09032453454835446,1.6084552452944443
Souss-Massa,2024-07-27,0.12681112826134341,-0.10248270685610177,4.032452122985178
Dakhla-Oued Ed-Dahab,2024-07-27,0.07991427333725483,-0.07226373724036235,2.9629431306635423
Tanger-Tétouan-Al Hoceima,2024-07-27,0.31197474137876813,-0.033883979606333,2.0930729497502
Drâa-Tafilalet,2024-07-27,0.11724091788051368,-0.0712199163545012,1.1198770937023177
Marrakech-Safi,2024-07-27,0.1749180803409963,-0.10308807722871183,5.570394991087291
l'Oriental,2024-07-27,0.14533170220530056,-0.09702759330737945,1.2301265397769339
Béni Mellal-Khénifra,2024-07-27,0.208630602805348,-0.0383282557590078,1.952086252177184
Casablanca-Settat,2024-07-27,0.19755792318030266,-0.07835453856713896,2.7769200877227616
Rabat-Salé-Kénitra,2024-07-27,0.2885819973454999,-0.05328536555307598,1.3193982726342768
Fès-Meknès,2024-08-04,0.2337325798582493,-0.05162977922024496,2.664170477156755
Guelmim-Oued Noun,2024-08-04,0.0570415158728186,-0.042561457763248677,3.2402827063917723
Laâyoune-Sakia El Hamra,2024-08-04,0.07530026385024957,-0.08053011269097045,-4.688452199000173
Souss-Massa,2024-08-04,0.12347534043794432,-0.09424489317440445,6.345628668924007
Dakhla-Oued Ed-Dahab,2024-08-04,0.0673224505833561,-0.06332938199782256,-0.6023781312691739
Tanger-Tétouan-Al Hoceima,2024-08-04,0.3082013621935509,-0.03944051346238919,1.9962147174504516
Drâa-Tafilalet,2024-08-04,0.11410621551860645,-0.07333431709164567,2.53821178246264
Marrakech-Safi,2024-08-04,0.17143128137272048,-0.10086138783753806,5.113784032365583
l'Oriental,2024-08-04,0.15287116600397985,-0.11169720282078678,0.9354881901883684
Béni Mellal-Khénifra,2024-08-04,0.22356525628200027,-0.04076011080571731,2.189877624086255
Casablanca-Settat,2024-08-04,0.1929383199844128,-0.07415277848025857,1.733437434606407
Rabat-Salé-Kénitra,2024-08-04,0.28021553231149954,-0.05519559793739107,1.4570338520602644
Fès-Meknès,2024-08-12,0.23739218035938867,-0.05027202977342898,2.649368428288728
Guelmim-Oued Noun,2024-08-12,0.08185989969116902,-0.06726383745591637,2.317600800104424
Laâyoune-Sakia El Hamra,2024-08-12,0.07409110717779582,-0.06776662806961689,1.8914318331235909
Souss-Massa,2024-08-12,0.1244357477767805,-0.08247126130532753,3.5212444247597023
Dakhla-Oued Ed-Dahab,2024-08-12,0.07625621888135554,-0.07750575542698666,2.260203799523118
Tanger-Tétouan-Al Hoceima,2024-08-12,0.3022784350164819,-0.04662177480609491,1.5948469508310024
Drâa-Tafilalet,2024-08-12,0.11613069605382181,-0.07084543366849502,4.7117244903322675
Marrakech-Safi,2024-08-12,0.16773967915518534,-0.0966475064612759,6.3444534199052764
l'Oriental,2024-08-12,0.15820734212888268,-0.11730708674796904,0.06928705022356074
Béni Mellal-Khénifra,2024-08-12,0.20116291741129552,-0.03878317105827779,2.0704513157783127
Casablanca-Settat,2024-08-12,0.17586728202391483,-0.08121651354649251,1.37927782091824
Rabat-Salé-Kénitra,2024-08-12,0.2870697610667803,-0.0441468361477615,1.1669049742930406
Fès-Meknès,2024-08-20,0.21778640517062006,-0.0475836566675976,2.6880086818083577
Guelmim-Oued Noun,2024-08-20,0.054953715163599266,-0.023338448060502216,4.276824037734627
Laâyoune-Sakia El Hamra,2024-08-20,0.07714667249712273,-0.07745745123227321,-0.009184604172047325
Souss-Massa,2024-08-20,0.10458579862803405,-0.08157280311826837,6.753807726049742
Dakhla-Oued Ed-Dahab,2024-08-20,0.07289297585261695,-0.06059689981920613,1.1733665387275751
Tanger-Tétouan-Al Hoceima,2024-08-20,0.29994117381936486,-0.03561314609059444,2.0396170473255024
Drâa-Tafilalet,2024-08-20,0.10685182352097526,-0.07439468109731913,4.952360084485382
Marrakech-Safi,2024-08-20,0.16064710160079804,-0.09986128952304586,6.457154701089626
l'Oriental,2024-08-20,0.16138193621547145,-0.10723128694230037,-0.6194997265137989
Béni Mellal-Khénifra,2024-08-20,0.211321542244657,-0.037829721168933836,1.9471401696288808
Casablanca-Settat,2024-08-20,0.1849971928695284,-0.08132292547702424,3.1729462906596253
Rabat-Salé-Kénitra,2024-08-20,0.28814056579979236,-0.025485885629261087,1.7765776140570415
Fès-Meknès,2024-08-28,0.24126317935518826,-0.04867325347661938,1.708675876293772
Guelmim-Oued Noun,2024-08-28,0.05851075283035876,-0.05512640072059938,-2.688369045858545
Laâyoune-Sakia El Hamra,2024-08-28,0.07219109491981318,-0.07221038812381758,2.5978560979162566
Souss-Massa,2024-08-28,0.1252137817188407,-0.09938820755813521,5.181190686065424
Dakhla-Oued Ed-Dahab,2024-08-28,0.06482479255720978,-0.0778533814675422,3.028869867026711
Tanger-Tétouan-Al Hoceima,2024-08-28,0.3163976372978024,-0.05882729050088625,2.0882706521887897
Drâa-Tafilalet,2024-08-28,0.1081402704157092,-0.07869730687465472,2.2675174399784344
Marrakech-Safi,2024-08-28,0.16989075614065582,-0.1112736236840311,6.125166272409517
l'Oriental,2024-08-28,0.16947011088007158,-0.12530060750405142,2.0962447963572295
Béni Mellal-Khénifra,2024-08-28,0.22387411615007696,-0.03920935890115907,2.22032223479951
Casablanca-Settat,2024-08-28,0.20166965026282102,-0.08841235560247337,3.281506417674065
Rabat-Salé-Kénitra,2024-08-28,0.2996793995427589,-0.052304283133757644,1.5155052267490687
Fès-Meknès,2024-09-05,0.2394710197694461,-0.06736691836104175,1.8781486666782132
Guelmim-Oued Noun,2024-09-05,0.08828488455856874,-0.0873460856501638,3.7995883598593436
Laâyoune-Sakia El Hamra,2024-09-05,0.08233749023123088,-0.08174624873358807,3.150429890736021
Souss-Massa,2024-09-05,0.1499337456460259,-0.10293969906630884,5.173488092414129
Dakhla-Oued Ed-Dahab,2024-09-05,0.07721783429905137,-0.07008910646186729,2.9208525088781907
Tanger-Tétouan-Al Hoceima,2024-09-05,0.3083288601377509,-0.06605921484209787,2.338269622824991
Drâa-Tafilalet,2024-09-05,0.10237300058948363,-0.08847414965751631,1.7746774382236845
Marrakech-Safi,2024-09-05,0.1858651464704249,-0.10780209067591742,5.042378580537469
l'Oriental,2024-09-05,0.15173453445263924,-0.121629714259826,1.5336920193883454
Béni Mellal-Khénifra,2024-09-05,0.23450304404447972,-0.042015213440218364,2.1931972000742723
Casablanca-Settat,2024-09-05,0.1953506255986152,-0.07723247636958074,3.1916952034016886
Rabat-Salé-Kénitra,2024-09-05,0.28433854949148957,-0.06500217481286576,1.9162224970545108
Fès-Meknès,2024-09-13,0.2388048606039235,-0.060369455324877586,0.7097008542019843
Guelmim-Oued Noun,2024-09-13,0.08280939798001509,-0.08372168965268402,4.519915040564782
Laâyoune-Sakia El Hamra,2024-09-13,0.08015586170029898,-0.09226111494052448,2.341534451533736
Souss-Massa,2024-09-13,0.08370872491372736,-0.06695552342622685,2.486458680598101
Dakhla-Oued Ed-Dahab,2024-09-13,0.07672272350682421,-0.07317962909711212,2.634290024697874
Tanger-Tétouan-Al Hoceima,2024-09-13,0.31490738915546174,-0.06847482847396903,2.465594417847033
Drâa-Tafilalet,2024-09-13,0.09309203929899534,-0.0711335533728159,1.3094744569115613
Marrakech-Safi,2024-09-13,0.16582739918036193,-0.10408647402211159,6.347124449778619
l'Oriental,2024-09-13,0.17213265012538714,-0.12340417150507929,0.8122690141032979
Béni Mellal-Khénifra,2024-09-13,0.2202738351311676,-0.034809551866377644,2.1594736525716365
Casablanca-Settat,2024-09-13,0.18264531678868465,-0.0827795325645223,3.135396853227538
Rabat-Salé-Kénitra,2024-09-13,0.27203398901221687,-0.058601178866556414,1.8285235877009471
Fès-Meknès,2024-09-21,0.28009115045106586,-0.05697146681964513,1.6053139755878227
Guelmim-Oued Noun,2024-09-21,0.09204546786188839,-0.10163544850876259,7.57340578690144
Laâyoune-Sakia El Hamra,2024-09-21,0.08109625458530942,-0.0849063912459636,1.6401869805524618
Souss-Massa,2024-09-21,0.1448830829208904,-0.11048150004913668,5.582222755195682
Dakhla-Oued Ed-Dahab,2024-09-21,0.06953706952489858,-0.061075863760420526,1.6915804194351698
Tanger-Tétouan-Al Hoceima,2024-09-21,0.32295639064289405,-0.06302627990639874,2.2725859668781707
Drâa-Tafilalet,2024-09-21,0.10906747930222288,-0.08475512498305252,0.8765303751971107
Marrakech-Safi,2024-09-21,0.1815535704510543,-0.11860385568874703,6.786261423009035
l'Oriental,2024-09-21,0.16781006456408631,-0.11512249256662135,1.8850279184317764
Béni Mellal-Khénifra,2024-09-21,0.2324021847840232,-0.04691906079283662,2.2923035324903567
Casablanca-Settat,2024-09-21,0.19982105356680446,-0.10980375090395661,3.35157556738666
Rabat-Salé-Kénitra,2024-09-21,0.2920839930148147,-0.06708288206413425,1.3768877432529871
Fès-Meknès,2024-09-29,0.2439083857703698,-0.08137581308058454,0.4357323343199339
Guelmim-Oued Noun,2024-09-29,0.09078069368148634,-0.09453907210531198,-2.0413190043161706
Laâyoune-Sakia El Hamra,2024-09-29,0.07762771417345724,-0.08889417367083882,1.8549106985001766
Souss-Massa,2024-09-29,0.1461736738318441,-0.08746146608305212,4.112392593219019
Dakhla-Oued Ed-Dahab,2024-09-29,0.07429683868021318,-0.07211288291172521,2.8506706043518633
Tanger-Tétouan-Al Hoceima,2024-09-29,0.3127805672735893,-0.07283910744969133,2.4024630137561243
Drâa-Tafilalet,2024-09-29,0.1225229554629844,-0.09015098656213393,2.757472062078244
Marrakech-Safi,2024-09-29,0.1761558789125407,-0.117998305727405,7.86303087668828
l'Oriental,2024-09-29,0.15521313819407553,-0.120078533911943,0.7384645585868912
Béni Mellal-Khénifra,2024-09-29,0.21838861940438697,-0.041082287999848824,2.3140117094955035
Casablanca-Settat,2024-09-29,0.19410121184979962,-0.09135258205015705,3.3082899503159617
Rabat-Salé-Kénitra,2024-09-29,0.28572014286445646,-0.06264190957367048,1.951763027125267
Fès-Meknès,2024-10-07,0.2509506509082056,-0.06345838386717498,2.383933502600668
Guelmim-Oued Noun,2024-10-07,0.10531737960483481,-0.08956817772898253,4.000169981637395
Laâyoune-Sakia El Hamra,2024-10-07,0.08097755487207738,-0.09090209441904422,-3.3357721179314
Souss-Massa,2024-10-07,0.15219255837466508,-0.11015939370952166,4.0259468535978336
Dakhla-Oued Ed-Dahab,2024-10-07,0.07083217607049162,-0.07623740077722271,2.148743013427556
Tanger-Tétouan-Al Hoceima,2024-10-07,0.2888909188370385,-0.05075717778887957,1.7909039010391168
Drâa-Tafilalet,2024-10-07,0.1269713156811053,-0.07580448636883434,0.8122798422207285
Marrakech-Safi,2024-10-07,0.1778573391719566,-0.10647321102275013,5.474000484786033
l'Oriental,2024-10-07,0.13965025808024562,-0.10580131350655166,1.219782889566836
Béni Mellal-Khénifra,2024-10-07,0.24937619006118564,-0.03599968220472918,2.060914129985839
Casablanca-Settat,2024-10-07,0.18294660755851708,-0.1029507137667237,2.551002352921294
Rabat-Salé-Kénitra,2024-10-07,0.2813806073122055,-0.053493737925275064,2.01289885622159
Fès-Meknès,2024-10-15,0.27993989384003637,-0.0779725614610931,1.3935086942658015
Guelmim-Oued Noun,2024-10-15,0.09409415954668071,-0.0987719070171894,1.30687566091394
Laâyoune-Sakia El Hamra,2024-10-15,0.0852175427972955,-0.09504388277911457,0.4235630239713114
Souss-Massa,2024-10-15,0.15627498163554937,-0.10585291142125527,3.063306082474174
Dakhla-Oued Ed-Dahab,2024-10-15,0.058015288135883844,-0.09743265833129337,1.4889617311057073
Tanger-Tétouan-Al Hoceima,2024-10-15,0.3357948925689155,-0.06844078502611645,2.337438537683246
Drâa-Tafilalet,2024-10-15,0.1526863959301564,-0.07385841633377455,3.145916126823255
Marrakech-Safi,2024-10-15,0.17744034068483622,-0.10619583937131637,2.9036428111416646
l'Oriental,2024-10-15,0.14965972256860471,-0.11677943676968568,2.2309769347957693
Béni Mellal-Khénifra,2024-10-15,0.2135739252510097,-0.05616603882268034,2.3126948942294834
Casablanca-Settat,2024-10-15,0.20327775984833846,-0.07283247655160788,2.22518071917051
Rabat-Salé-Kénitra,2024-10-15,0.28645419401593486,-0.0658383996838443,1.3214938158202845
Fès-Meknès,2024-10-23,0.25367976671423836,-0.09085624071198492,0.9813507464636004
Guelmim-Oued Noun,2024-10-23,0.08610551810425619,-0.08997738497337505,2.865263247083564
Laâyoune-Sakia El Hamra,2024-10-23,0.07608707172313128,-0.09060310065946538,-2.4316983442125553
Souss-Massa,2024-10-23,0.15484270967619052,-0.10344203107674084,4.383409586764701
Dakhla-Oued Ed-Dahab,2024-10-23,0.06765796618293196,-0.07265769917307957,1.8387042776510918
Tanger-Tétouan-Al Hoceima,2024-10-23,0.337921093363212,-0.045808443570430596,1.7185043196370595
Drâa-Tafilalet,2024-10-23,0.1281405977696921,-0.07013120746136241,4.570955622291756
Marrakech-Safi,2024-10-23,0.18883491051235732,-0.10444021520854715,4.649021000207458
l'Oriental,2024-10-23,0.15474401855721553,-0.10558597842855098,2.3127674450927724
Béni Mellal-Khénifra,2024-10-23,0.2782496965816238,-0.016747222850409586,1.4649601881775378
Casablanca-Settat,2024-10-23,0.19006420170675226,-0.07432757693927379,2.3864325905338926
Rabat-Salé-Kénitra,2024-10-23,0.2762491234786235,-0.040752955583508645,2.1231313123872066
Fès-Meknès,2024-10-31,0.28315466195904043,-0.08273627992190126,1.2888058347525495
Guelmim-Oued Noun,2024-10-31,0.09165928048111141,-0.10587813860792568,2.884948430417162
Laâyoune-Sakia El Hamra,2024-10-31,0.07621590475306053,-0.09581145130106063,1.9153801400193193
Souss-Massa,2024-10-31,0.15235814522987806,-0.10561100890350289,4.85516000665137
Dakhla-Oued Ed-Dahab,2024-10-31,0.06314283058947716,-0.0859525796124187,1.9288785002901567
Tanger-Tétouan-Al Hoceima,2024-10-31,0.35768497523124093,-0.0356812412250106,1.7359260160064338
Drâa-Tafilalet,2024-10-31,0.14135637671742118,-0.06258314173502878,0.6125951573564625
Marrakech-Safi,2024-10-31,0.19638016718031165,-0.10683652898007638,5.373934971133688
l'Oriental,2024-10-31,0.15777059471615384,-0.10761754535772347,1.95817734796605
Béni Mellal-Khénifra,2024-10-31,0.24701973042835176,-0.02299028527764731,1.7463931629143405
Casablanca-Settat,2024-10-31,0.24873330326460352,-0.07653651688801445,2.8705022940812115
Rabat-Salé-Kénitra,2024-10-31,0.3543687683640483,-0.06398033879040088,2.301909713381557
Fès-Meknès,2024-11-08,0.306245858948516,-0.06266429080338323,1.662010301303017
Guelmim-Oued Noun,2024-11-08,0.10160520280246907,-0.10782126381261478,6.8096098096832725
Laâyoune-Sakia El Hamra,2024-11-08,0.07776024074606744,-0.09804207613656883,0.9154391550272861
Souss-Massa,2024-11-08,0.1624861919931774,-0.1044508076469065,3.5758965272456944
Dakhla-Oued Ed-Dahab,2024-11-08,0.06481029969090794,-0.08532006633688267,1.4521359202479291
Tanger-Tétouan-Al Hoceima,2024-11-08,0.3809130254588544,-0.010275978911804123,1.6235624420525647
Drâa-Tafilalet,2024-11-08,0.1478452897024608,-0.055353807838043265,2.666500893276963
Marrakech-Safi,2024-11-08,0.207549432714548,-0.11199803899625771,5.497971552750684
l'Oriental,2024-11-08,0.18191458607118463,-0.11843133836081328,0.5987100721945431
Béni Mellal-Khénifra,2024-11-08,0.2627691492744573,-0.02158733238404037,1.860876437845032
Casablanca-Settat,2024-11-08,0.2591080572087457,-0.04616102332694385,2.0995661544547377
Rabat-Salé-Kénitra,2024-11-08,0.3612844566653354,-0.031625640831901815,1.9320947415945766
Fès-Meknès,2024-11-16,0.35160160807294244,-0.04605904844696721,1.4561589020504337
Guelmim-Oued Noun,2024-11-16,0.08898337538311839,-0.10052156278660156,3.971094005285342
Laâyoune-Sakia El Hamra,2024-11-16,0.07436971614491714,-0.08476398606806454,-1.56923455108232
Souss-Massa,2024-11-16,0.1520684630903518,-0.09982827064315347,3.988820846887941
Dakhla-Oued Ed-Dahab,2024-11-16,0.06625003467712887,-0.07161537584327955,1.8101048797940698
Tanger-Tétouan-Al Hoceima,2024-11-16,0.43911079279294596,0.0139089542426876,1.273832445921054
Drâa-Tafilalet,2024-11-16,0.14746549087823405,-0.07231752056597715,2.016230005331593
Marrakech-Safi,2024-11-16,0.2186415126272669,-0.09398401550030135,3.744382015229545
l'Oriental,2024-11-16,0.18323922592141406,-0.11782249773147345,1.1090192423794907
Béni Mellal-Khénifra,2024-11-16,0.2349120081748241,-0.0280390061233408,1.4873362054144377
Casablanca-Settat,2024-11-16,0.3064668730357628,-0.02302743334099951,1.6237847170012942
Rabat-Salé-Kénitra,2024-11-16,0.3664979302124275,-0.029495024813639446,1.4131973584998
Fès-Meknès,2024-11-24,0.31184080938353753,-0.05934281398670363,0.8997087093488625
Guelmim-Oued Noun,2024-11-24,0.0813485040223458,-0.07297121377176101,4.269891733774269
Laâyoune-Sakia El Hamra,2024-11-24,0.07905160119996527,-0.08224477925926242,0.5164517669872716
Souss-Massa,2024-11-24,0.14413925281205528,-0.09100715538845479,2.3643988452852005
Dakhla-Oued Ed-Dahab,2024-11-24,0.0756814946916803,-0.06656704117526938,1.149413463706924
Tanger-Tétouan-Al Hoceima,2024-11-24,0.3990992900454323,0.013190497058118904,1.1241878448900597
Drâa-Tafilalet,2024-11-24,0.14590980867028142,-0.061812950593572606,4.60156131896434
Marrakech-Safi,2024-11-24,0.1971253839633902,-0.09212511275902667,4.09503783015849
l'Oriental,2024-11-24,0.1859403243107198,-0.09877451197500164,1.9618599681777007
Béni Mellal-Khénifra,2024-11-24,0.250654671973452,-0.042559092201514014,1.7875412611476145
Casablanca-Settat,2024-11-24,0.25493957284463714,-0.01938013616590992,1.1485708005731243
Rabat-Salé-Kénitra,2024-11-24,0.3399666778353332,-0.0240090093426407,0.5266150929161871
Fès-Meknès,2024-12-02,0.3191671116814992,-0.04776812863916016,1.2020002645739551
Guelmim-Oued Noun,2024-12-02,0.08557421711315834,-0.08218593065004502,2.5005310183161744
Laâyoune-Sakia El Hamra,2024-12-02,0.07614734116999003,-0.08603687275753828,2.444192663189456
Souss-Massa,2024-12-02,0.1545163157235186,-0.10059722599907348,2.1629938207878765
Dakhla-Oued Ed-Dahab,2024-12-02,0.061609432739616186,-0.06611008629650778,1.967175838050985
Tanger-Tétouan-Al Hoceima,2024-12-02,0.42758756344759796,0.025989328936484077,1.6427513255269555
Drâa-Tafilalet,2024-12-02,0.14938179768056223,-0.06315668116928487,3.419141596995868
Marrakech-Safi,2024-12-02,0.23049318853812756,-0.09258726558810518,2.9074075065958658
l'Oriental,2024-12-02,0.1752157234384049,-0.10028656263963102,-0.113772738327534
Béni Mellal-Khénifra,2024-12-02,0.24826784896655574,-0.0242647685444867,1.7252920257536906
Casablanca-Settat,2024-12-02,0.34622148219131316,-0.029925357821090195,1.6255867755740072
Rabat-Salé-Kénitra,2024-12-02,0.3549015297561711,-0.024558763576878924,0.8432575552209314
Fès-Meknès,2024-12-10,0.3410329648039857,-0.0619897555461503,0.9485929982090964
Guelmim-Oued Noun,2024-12-10,0.08196236384468344,-0.09241241303087358,2.6532795442324826
Laâyoune-Sakia El Hamra,2024-12-10,0.07261101000885384,-0.09614701176159725,-0.12367230391909459
Souss-Massa,2024-12-10,0.14822957471464523,-0.09470307314614648,4.3051468908011685
Dakhla-Oued Ed-Dahab,2024-12-10,0.06890018713995923,-0.09873933475782312,0.155007279964462
Tanger-Tétouan-Al Hoceima,2024-12-10,0.4236686074243771,0.001391267193054039,1.3339408225101228
Drâa-Tafilalet,2024-12-10,0.14364866485866318,-0.06514292273894293,3.3002694728892323
Marrakech-Safi,2024-12-10,0.2159162334258161,-0.08513469227024609,3.6653354867525416
l'Oriental,2024-12-10,0.18352466756576796,-0.1030535858670149,3.122010145359822
Béni Mellal-Khénifra,2024-12-10,0.2747906476651407,-0.015157691771448198,1.7568583917087777
Casablanca-Settat,2024-12-10,0.2923282539685617,-0.02916148458285954,1.35407782311368
Rabat-Salé-Kénitra,2024-12-10,0.34589857971076243,-0.0358665924036929,1.0809647955126829
Fès-Meknès,2024-12-18,0.32689060879348825,-0.05336457031084271,0.625652579451087
Guelmim-Oued Noun,2024-12-18,0.09053936119206311,-0.09351698138963503,4.464493188225645
Laâyoune-Sakia El Hamra,2024-12-18,0.07218106926823396,-0.07753113143083619,2.4198527667851484
Souss-Massa,2024-12-18,0.14988178021017415,-0.10488763832603462,2.7807240557626356
Dakhla-Oued Ed-Dahab,2024-12-18,0.06181852404280081,-0.0788834731498785,2.325410044273049
Tanger-Tétouan-Al Hoceima,2024-12-18,0.46021604488089946,0.031600375890489564,1.1575411584268414
Drâa-Tafilalet,2024-12-18,0.14359058953501855,-0.06684161051997548,4.509834218386124
Marrakech-Safi,2024-12-18,0.22557571477878924,-0.0962233158812385,3.01760408763839
l'Oriental,2024-12-18,0.17528461854147573,-0.10550065587341197,1.6717510530635877
Béni Mellal-Khénifra,2024-12-18,0.24270757944130808,-0.034214718738412274,1.6757384475321253
Casablanca-Settat,2024-12-18,0.3235585217768593,-0.04699465697114025,2.6264318728262777
Rabat-Salé-Kénitra,2024-12-18,0.4180467311366778,-0.008089414890096604,1.533057676687689
Fès-Meknès,2024-12-26,0.3097953194242361,-0.07680411882074686,0.9801176433673627
Guelmim-Oued Noun,2024-12-26,0.08896353823930717,-0.09002237415816208,4.9234167352992015
Laâyoune-Sakia El Hamra,2024-12-26,0.08174170550219306,-0.09040352334173829,2.8964234949133223
Souss-Massa,2024-12-26,0.15093099192103132,-0.09024212416965152,4.555485902973499
Dakhla-Oued Ed-Dahab,2024-12-26,0.0715491572142229,-0.09042745363032982,2.2454253321504867
Tanger-Tétouan-Al Hoceima,2024-12-26,0.41889611265353704,0.014624401686421465,1.4268365857113592
Drâa-Tafilalet,2024-12-26,0.14103526640699607,-0.06676312818893362,1.1376348393357159
Marrakech-Safi,2024-12-26,0.21352999384449606,-0.0910016340140149,4.499503789456513
l'Oriental,2024-12-26,0.1724842225557659,-0.10607392031987015,-0.1977410083140968
Béni Mellal-Khénifra,2024-12-26,0.2674172571950649,-0.011574575618439378,1.6165783359960066
Casablanca-Settat,2024-12-26,0.2989502192114858,-0.018666317021487248,1.3606339291429004
Rabat-Salé-Kénitra,2024-12-26,0.3539962796605429,-0.022129971272586018,1.4092659434941694
