Annee,nom_fr,mean
2000.0,Fès-Meknès,10.06124254144229
2000.0,Guelmim-Oued Noun,10.663453404614925
2000.0,Laâyoune-Sakia El Hamra,0.15973934507973755
2000.0,Souss-Massa,4.399854374684712
2000.0,Dakhla-Oued Ed-Dahab,0.8302096650731403
2000.0,Tanger-Tétouan-Al Hoceima,2.583019587440045
2000.0,Drâa-Tafilalet,2.911758213939212
2000.0,Marrakech-Safi,10.371403773204017
2000.0,l'Oriental,3.1429489193029854
2000.0,Béni Mellal-Khénifra,11.954396521951875
2000.0,Casablanca-Settat,5.724983055515418
2000.0,Rabat-Salé-Kénitra,3.549049993885967
2001.0,Fès-Meknès,17.739502880564764
2001.0,Guelmim-Oued Noun,1.6144546198247178
2001.0,Laâyoune-Sakia El Hamra,2.0086650752794784
2001.0,Souss-Massa,-2.789962028965417
2001.0,Dakhla-Oued Ed-Dahab,-1.9246056993831622
2001.0,Tanger-Tétouan-Al Hoceima,0.7820027795770651
2001.0,Drâa-Tafilalet,3.624976535023798
2001.0,Marrakech-Safi,3.1999604966112765
2001.0,l'Oriental,11.539851655201973
2001.0,Béni Mellal-Khénifra,6.260505697655817
2001.0,Casablanca-Settat,14.0482716757469
2001.0,Rabat-Salé-Kénitra,6.540193613069849
2002.0,Fès-Meknès,6.619837428711127
2002.0,Guelmim-Oued Noun,4.433575087107122
2002.0,Laâyoune-Sakia El Hamra,1.483700781289983
2002.0,Souss-Massa,8.4667180400544
2002.0,Dakhla-Oued Ed-Dahab,2.068162031734914
2002.0,Tanger-Tétouan-Al Hoceima,1.94991790315572
2002.0,Drâa-Tafilalet,4.269393286379339
2002.0,Marrakech-Safi,12.786113501753476
2002.0,l'Oriental,6.373626960581578
2002.0,Béni Mellal-Khénifra,6.087469594275941
2002.0,Casablanca-Settat,10.802265996394407
2002.0,Rabat-Salé-Kénitra,2.7444114130790447
2003.0,Fès-Meknès,3.3933374635445124
2003.0,Guelmim-Oued Noun,10.323675030738656
2003.0,Laâyoune-Sakia El Hamra,2.4765076313892105
2003.0,Souss-Massa,5.126852589900239
2003.0,Dakhla-Oued Ed-Dahab,-0.4558218079893103
2003.0,Tanger-Tétouan-Al Hoceima,4.7208123395945005
2003.0,Drâa-Tafilalet,1.9545855190676
2003.0,Marrakech-Safi,10.297817280772762
2003.0,l'Oriental,3.7368109688485154
2003.0,Béni Mellal-Khénifra,5.5855300648871316
2003.0,Casablanca-Settat,15.70112912496149
2003.0,Rabat-Salé-Kénitra,2.3726292770203883
2004.0,Fès-Meknès,11.194755047986277
2004.0,Guelmim-Oued Noun,9.120156678148293
2004.0,Laâyoune-Sakia El Hamra,6.080944923853918
2004.0,Souss-Massa,0.5554196190196703
2004.0,Dakhla-Oued Ed-Dahab,4.0524894364252875
2004.0,Tanger-Tétouan-Al Hoceima,2.639971748293996
2004.0,Drâa-Tafilalet,7.21927815958045
2004.0,Marrakech-Safi,12.307747742972662
2004.0,l'Oriental,15.380403983756421
2004.0,Béni Mellal-Khénifra,4.955210372557591
2004.0,Casablanca-Settat,8.473239759227654
2004.0,Rabat-Salé-Kénitra,5.286881615262871
2005.0,Fès-Meknès,2.6260315867185313
2005.0,Guelmim-Oued Noun,10.286339803268689
2005.0,Laâyoune-Sakia El Hamra,5.092089560087645
2005.0,Souss-Massa,7.070627339276714
2005.0,Dakhla-Oued Ed-Dahab,7.706509528352729
2005.0,Tanger-Tétouan-Al Hoceima,1.759054192889127
2005.0,Drâa-Tafilalet,1.5863321301368947
2005.0,Marrakech-Safi,9.375620646379806
2005.0,l'Oriental,11.294600324483117
2005.0,Béni Mellal-Khénifra,4.353994539687357
2005.0,Casablanca-Settat,2.2071867458496053
2005.0,Rabat-Salé-Kénitra,10.187159405496017
2006.0,Fès-Meknès,17.683894690258434
2006.0,Guelmim-Oued Noun,16.50945784776087
2006.0,Laâyoune-Sakia El Hamra,5.349543197004917
2006.0,Souss-Massa,4.901422187083253
2006.0,Dakhla-Oued Ed-Dahab,6.706664630649752
2006.0,Tanger-Tétouan-Al Hoceima,4.357826740698526
2006.0,Drâa-Tafilalet,4.8737687593864925
2006.0,Marrakech-Safi,11.033305575947963
2006.0,l'Oriental,26.891754102796646
2006.0,Béni Mellal-Khénifra,7.070703917325103
2006.0,Casablanca-Settat,10.798058988109117
2006.0,Rabat-Salé-Kénitra,-0.00466990763130991
2007.0,Fès-Meknès,12.503000563760986
2007.0,Guelmim-Oued Noun,7.075362611597206
2007.0,Laâyoune-Sakia El Hamra,9.161179703543915
2007.0,Souss-Massa,4.187742305487725
2007.0,Dakhla-Oued Ed-Dahab,7.516420390379048
2007.0,Tanger-Tétouan-Al Hoceima,3.147785436674631
2007.0,Drâa-Tafilalet,6.189156554267056
2007.0,Marrakech-Safi,5.572375487966953
2007.0,l'Oriental,13.320399467769205
2007.0,Béni Mellal-Khénifra,2.083977064591465
2007.0,Casablanca-Settat,11.777371241344904
2007.0,Rabat-Salé-Kénitra,4.64321078114111
2008.0,Fès-Meknès,6.125506211272155
2008.0,Guelmim-Oued Noun,-0.180862338195661
2008.0,Laâyoune-Sakia El Hamra,4.888632642137373
2008.0,Souss-Massa,6.196243620442244
2008.0,Dakhla-Oued Ed-Dahab,3.335635592028846
2008.0,Tanger-Tétouan-Al Hoceima,3.586824959052533
2008.0,Drâa-Tafilalet,7.477035475202773
2008.0,Marrakech-Safi,0.34308189284112656
2008.0,l'Oriental,11.77519648770773
2008.0,Béni Mellal-Khénifra,10.604707710602733
2008.0,Casablanca-Settat,11.673465118125218
2008.0,Rabat-Salé-Kénitra,2.6830978429245556
2009.0,Fès-Meknès,6.206164317274916
2009.0,Guelmim-Oued Noun,2.482385140903716
2009.0,Laâyoune-Sakia El Hamra,7.582629521665706
2009.0,Souss-Massa,10.010556716438208
2009.0,Dakhla-Oued Ed-Dahab,4.929511667341411
2009.0,Tanger-Tétouan-Al Hoceima,3.1430789436596602
2009.0,Drâa-Tafilalet,9.178525014325663
2009.0,Marrakech-Safi,7.182118079929452
2009.0,l'Oriental,12.925812811528626
2009.0,Béni Mellal-Khénifra,7.3207890546093495
2009.0,Casablanca-Settat,13.47146014601667
2009.0,Rabat-Salé-Kénitra,3.653651953401323
2010.0,Fès-Meknès,9.58366566883768
2010.0,Guelmim-Oued Noun,5.973821273936843
2010.0,Laâyoune-Sakia El Hamra,6.739520258569145
2010.0,Souss-Massa,5.599375810571444
2010.0,Dakhla-Oued Ed-Dahab,5.647276137968987
2010.0,Tanger-Tétouan-Al Hoceima,6.134608287382876
2010.0,Drâa-Tafilalet,13.772950519010255
2010.0,Marrakech-Safi,5.803115064451944
2010.0,l'Oriental,16.737781906432183
2010.0,Béni Mellal-Khénifra,3.9396662209515565
2010.0,Casablanca-Settat,5.251447877589274
2010.0,Rabat-Salé-Kénitra,2.3893892586329044
2011.0,Fès-Meknès,17.421930037377997
2011.0,Guelmim-Oued Noun,12.175975045284133
2011.0,Laâyoune-Sakia El Hamra,6.303706078980135
2011.0,Souss-Massa,9.344974957863315
2011.0,Dakhla-Oued Ed-Dahab,7.871932821018358
2011.0,Tanger-Tétouan-Al Hoceima,1.686887297066226
2011.0,Drâa-Tafilalet,10.406770913380607
2011.0,Marrakech-Safi,11.089691099266519
2011.0,l'Oriental,13.387291770614276
2011.0,Béni Mellal-Khénifra,3.7539671231239167
2011.0,Casablanca-Settat,6.4753312638061455
2011.0,Rabat-Salé-Kénitra,5.886849680944761
2012.0,Fès-Meknès,14.48300809411879
2012.0,Guelmim-Oued Noun,14.77427143415693
2012.0,Laâyoune-Sakia El Hamra,8.079913307946928
2012.0,Souss-Massa,2.56948453756894
2012.0,Dakhla-Oued Ed-Dahab,7.289526005592156
2012.0,Tanger-Tétouan-Al Hoceima,2.5484676118244
2012.0,Drâa-Tafilalet,9.881164950431229
2012.0,Marrakech-Safi,3.9945226074012123
2012.0,l'Oriental,12.4709238749848
2012.0,Béni Mellal-Khénifra,0.9560403997309002
2012.0,Casablanca-Settat,10.563834766758287
2012.0,Rabat-Salé-Kénitra,3.6845568271066225
2013.0,Fès-Meknès,7.202176251790307
2013.0,Guelmim-Oued Noun,6.983065574471118
2013.0,Laâyoune-Sakia El Hamra,10.249581681761923
2013.0,Souss-Massa,3.193039451265603
2013.0,Dakhla-Oued Ed-Dahab,5.644716656953992
2013.0,Tanger-Tétouan-Al Hoceima,6.961444917983683
2013.0,Drâa-Tafilalet,7.975715678961588
2013.0,Marrakech-Safi,6.925770268581074
2013.0,l'Oriental,12.675613161793283
2013.0,Béni Mellal-Khénifra,4.472652356800485
2013.0,Casablanca-Settat,12.643219729583015
2013.0,Rabat-Salé-Kénitra,2.542214450042765
2014.0,Fès-Meknès,12.964832368102435
2014.0,Guelmim-Oued Noun,5.615274500469288
2014.0,Laâyoune-Sakia El Hamra,4.72596846800885
2014.0,Souss-Massa,7.5968099494032755
2014.0,Dakhla-Oued Ed-Dahab,10.11464410927794
2014.0,Tanger-Tétouan-Al Hoceima,3.38788791742594
2014.0,Drâa-Tafilalet,6.93448343759684
2014.0,Marrakech-Safi,7.346837237628562
2014.0,l'Oriental,16.284978944483093
2014.0,Béni Mellal-Khénifra,4.487268369228023
2014.0,Casablanca-Settat,18.160281210199607
2014.0,Rabat-Salé-Kénitra,5.717429196524123
2015.0,Fès-Meknès,2.2647765532590665
2015.0,Guelmim-Oued Noun,6.861025652555872
2015.0,Laâyoune-Sakia El Hamra,7.574486445047551
2015.0,Souss-Massa,5.402517570019978
2015.0,Dakhla-Oued Ed-Dahab,2.2439026492441623
2015.0,Tanger-Tétouan-Al Hoceima,1.8331841599097416
2015.0,Drâa-Tafilalet,12.90358232141508
2015.0,Marrakech-Safi,7.560786432954611
2015.0,l'Oriental,15.558560179737444
2015.0,Béni Mellal-Khénifra,6.762208365910323
2015.0,Casablanca-Settat,13.359130662545578
2015.0,Rabat-Salé-Kénitra,8.846775687136955
2016.0,Fès-Meknès,16.250179628037603
2016.0,Guelmim-Oued Noun,9.672752488970968
2016.0,Laâyoune-Sakia El Hamra,9.12552316092857
2016.0,Souss-Massa,7.250024877800759
2016.0,Dakhla-Oued Ed-Dahab,11.469487151753347
2016.0,Tanger-Tétouan-Al Hoceima,8.9414496981069
2016.0,Drâa-Tafilalet,6.377124249601916
2016.0,Marrakech-Safi,6.871936766368603
2016.0,l'Oriental,11.650034575351828
2016.0,Béni Mellal-Khénifra,7.758950795738289
2016.0,Casablanca-Settat,8.245983723448482
2016.0,Rabat-Salé-Kénitra,6.801663557661924
2017.0,Fès-Meknès,7.942031840594214
2017.0,Guelmim-Oued Noun,4.855669277203294
2017.0,Laâyoune-Sakia El Hamra,3.881783640828513
2017.0,Souss-Massa,7.865748650257908
2017.0,Dakhla-Oued Ed-Dahab,6.389182096659735
2017.0,Tanger-Tétouan-Al Hoceima,3.5015652830649393
2017.0,Drâa-Tafilalet,3.475319169662451
2017.0,Marrakech-Safi,7.2182592164815
2017.0,l'Oriental,13.022811558036732
2017.0,Béni Mellal-Khénifra,8.124957984625457
2017.0,Casablanca-Settat,12.83965300039535
2017.0,Rabat-Salé-Kénitra,2.4420170536980867
2018.0,Fès-Meknès,2.299120712813343
2018.0,Guelmim-Oued Noun,2.0853460070381433
2018.0,Laâyoune-Sakia El Hamra,4.790816212779168
2018.0,Souss-Massa,5.469350149567277
2018.0,Dakhla-Oued Ed-Dahab,1.107692289766642
2018.0,Tanger-Tétouan-Al Hoceima,1.9150398371688497
2018.0,Drâa-Tafilalet,6.971412919253135
2018.0,Marrakech-Safi,10.141452288166416
2018.0,l'Oriental,14.175955436095876
2018.0,Béni Mellal-Khénifra,3.0640115838978033
2018.0,Casablanca-Settat,8.477553121988358
2018.0,Rabat-Salé-Kénitra,4.5640164578317375
2019.0,Fès-Meknès,14.880133622451394
2019.0,Guelmim-Oued Noun,1.4922304243741678
2019.0,Laâyoune-Sakia El Hamra,2.843883650304413
2019.0,Souss-Massa,5.235986913010453
2019.0,Dakhla-Oued Ed-Dahab,-2.3355515174594546
2019.0,Tanger-Tétouan-Al Hoceima,1.296080222866715
2019.0,Drâa-Tafilalet,3.885534272588044
2019.0,Marrakech-Safi,2.7306240035290648
2019.0,l'Oriental,14.26614203121383
2019.0,Béni Mellal-Khénifra,3.2075479674154472
2019.0,Casablanca-Settat,3.8132470414656567
2019.0,Rabat-Salé-Kénitra,4.420260272282739
2020.0,Fès-Meknès,0.8967011546273557
2020.0,Guelmim-Oued Noun,9.837249908243695
2020.0,Laâyoune-Sakia El Hamra,2.56014194018113
2020.0,Souss-Massa,7.43119285438583
2020.0,Dakhla-Oued Ed-Dahab,0.878072179669716
2020.0,Tanger-Tétouan-Al Hoceima,4.175565259621981
2020.0,Drâa-Tafilalet,5.131105451369247
2020.0,Marrakech-Safi,1.1736815898669575
2020.0,l'Oriental,11.94039944340977
2020.0,Béni Mellal-Khénifra,3.3730737826001094
2020.0,Casablanca-Settat,3.0484083392022567
2020.0,Rabat-Salé-Kénitra,1.3992544779925833
2021.0,Fès-Meknès,11.094381433966166
2021.0,Guelmim-Oued Noun,9.953340291385466
2021.0,Laâyoune-Sakia El Hamra,5.921643294613822
2021.0,Souss-Massa,3.3415481643717913
2021.0,Dakhla-Oued Ed-Dahab,1.5539288384078525
2021.0,Tanger-Tétouan-Al Hoceima,1.4521511269000371
2021.0,Drâa-Tafilalet,7.611467020515006
2021.0,Marrakech-Safi,5.983909671368624
2021.0,l'Oriental,25.926938837170756
2021.0,Béni Mellal-Khénifra,4.753933609843611
2021.0,Casablanca-Settat,15.58558595087407
2021.0,Rabat-Salé-Kénitra,3.2718298325863846
2022.0,Fès-Meknès,10.063811458564265
2022.0,Guelmim-Oued Noun,6.561430523279001
2022.0,Laâyoune-Sakia El Hamra,4.219293675934499
2022.0,Souss-Massa,2.18518418375164
2022.0,Dakhla-Oued Ed-Dahab,4.886627867020576
2022.0,Tanger-Tétouan-Al Hoceima,3.3803813920444044
2022.0,Drâa-Tafilalet,7.484456904355862
2022.0,Marrakech-Safi,15.303132568802763
2022.0,l'Oriental,17.23528385816377
2022.0,Béni Mellal-Khénifra,11.439067183898787
2022.0,Casablanca-Settat,12.15040137574828
2022.0,Rabat-Salé-Kénitra,4.215669736082604
2023.0,Fès-Meknès,8.25955979308953
2023.0,Guelmim-Oued Noun,18.34205924826723
2023.0,Laâyoune-Sakia El Hamra,8.935957567383277
2023.0,Souss-Massa,3.5187990306153485
2023.0,Dakhla-Oued Ed-Dahab,4.825889737516478
2023.0,Tanger-Tétouan-Al Hoceima,1.5136181005488678
2023.0,Drâa-Tafilalet,8.350353830936633
2023.0,Marrakech-Safi,12.247058340902123
2023.0,l'Oriental,13.810399026241695
2023.0,Béni Mellal-Khénifra,7.699358835726095
2023.0,Casablanca-Settat,18.85867693154235
2023.0,Rabat-Salé-Kénitra,4.266680013837554
2024.0,Fès-Meknès,8.169401091631693
2024.0,Guelmim-Oued Noun,12.821824563172948
2024.0,Laâyoune-Sakia El Hamra,6.445815656461854
2024.0,Souss-Massa,6.083330380629789
2024.0,Dakhla-Oued Ed-Dahab,4.903226752373795
2024.0,Tanger-Tétouan-Al Hoceima,1.8526105659286594
2024.0,Drâa-Tafilalet,4.229168472243026
2024.0,Marrakech-Safi,4.676068085154137
2024.0,l'Oriental,13.263759341973289
2024.0,Béni Mellal-Khénifra,9.016856980822629
2024.0,Casablanca-Settat,15.011598214491448
2024.0,Rabat-Salé-Kénitra,5.227886252963178
