Annee,Mois,nom_fr,mean
2020.0,1.0,Fès-Meknès,4.099467014607495
2020.0,1.0,Guelmim-Oued Noun,32.533740554367675
2020.0,1.0,Laâyoune-Sakia El Hamra,-3.4923768849427472
2020.0,1.0,Souss-Massa,-1.1936699930190036
2020.0,1.0,Dakhla-Oued Ed-Dahab,1.676099610499102
2020.0,1.0,Tanger-Tétouan-Al Hoceima,0.9572661198169641
2020.0,1.0,Drâa-Tafilalet,2.0186024663051234
2020.0,1.0,Marrakech-Safi,0.4388624204190702
2020.0,1.0,l'Oriental,-1.994184549993425
2020.0,1.0,Béni Mellal-Khénifra,2.0749601169620906
2020.0,1.0,Casablanca-Settat,1.1947096530789545
2020.0,1.0,Rabat-Salé-Kénitra,0.8534168244190373
2020.0,2.0,Fès-Meknès,11.961242421684048
2020.0,2.0,Guelmim-Oued Noun,5.2105146068749235
2020.0,2.0,Laâyoune-Sakia El Hamra,1.5046269404646933
2020.0,2.0,Souss-Massa,6.716139858145332
2020.0,2.0,Dakhla-Oued Ed-Dahab,-0.42602682880622433
2020.0,2.0,Tanger-Tétouan-Al Hoceima,1.2966666480415956
2020.0,2.0,Drâa-Tafilalet,7.024509518060213
2020.0,2.0,Marrakech-Safi,11.958976213984654
2020.0,2.0,l'Oriental,18.648164244680288
2020.0,2.0,Béni Mellal-Khénifra,1.750645208401207
2020.0,2.0,Casablanca-Settat,1.9148257291390238
2020.0,2.0,Rabat-Salé-Kénitra,0.9709708541447958
2020.0,3.0,Fès-Meknès,-0.8281152363567542
2020.0,3.0,Guelmim-Oued Noun,22.511672329355665
2020.0,3.0,Laâyoune-Sakia El Hamra,1.9230018052603695
2020.0,3.0,Souss-Massa,10.30127237328894
2020.0,3.0,Dakhla-Oued Ed-Dahab,9.547802205778938
2020.0,3.0,Tanger-Tétouan-Al Hoceima,1.0706781225957673
2020.0,3.0,Drâa-Tafilalet,15.363591138351904
2020.0,3.0,Marrakech-Safi,8.455836764314329
2020.0,3.0,l'Oriental,33.48043006040911
2020.0,3.0,Béni Mellal-Khénifra,2.930594946327312
2020.0,3.0,Casablanca-Settat,2.003484176968731
2020.0,3.0,Rabat-Salé-Kénitra,1.2921178029918223
2020.0,4.0,Fès-Meknès,7.076375066631574
2020.0,4.0,Guelmim-Oued Noun,23.52699003491407
2020.0,4.0,Laâyoune-Sakia El Hamra,20.08610960080102
2020.0,4.0,Souss-Massa,10.00940378136488
2020.0,4.0,Dakhla-Oued Ed-Dahab,13.73752349199852
2020.0,4.0,Tanger-Tétouan-Al Hoceima,0.8046946794398422
2020.0,4.0,Drâa-Tafilalet,2.811932876665543
2020.0,4.0,Marrakech-Safi,3.880400214962109
2020.0,4.0,l'Oriental,-2.6463492369788417
2020.0,4.0,Béni Mellal-Khénifra,1.1152489630372673
2020.0,4.0,Casablanca-Settat,23.507319573608637
2020.0,4.0,Rabat-Salé-Kénitra,1.6113398553993725
2020.0,5.0,Fès-Meknès,2.5499279480747683
2020.0,5.0,Guelmim-Oued Noun,-1.1629024776854244
2020.0,5.0,Laâyoune-Sakia El Hamra,-4.196701034945591
2020.0,5.0,Souss-Massa,-3.5169987105983367
2020.0,5.0,Dakhla-Oued Ed-Dahab,2.112532504975414
2020.0,5.0,Tanger-Tétouan-Al Hoceima,1.285285242248837
2020.0,5.0,Drâa-Tafilalet,3.6852232565908603
2020.0,5.0,Marrakech-Safi,3.9394127476250396
2020.0,5.0,l'Oriental,6.089232017703099
2020.0,5.0,Béni Mellal-Khénifra,3.0761164556420924
2020.0,5.0,Casablanca-Settat,-9.280081958547493
2020.0,5.0,Rabat-Salé-Kénitra,3.268311638543893
2020.0,6.0,Fès-Meknès,-0.9278127113126248
2020.0,6.0,Guelmim-Oued Noun,-9.292010382999745
2020.0,6.0,Laâyoune-Sakia El Hamra,-0.8633457933436547
2020.0,6.0,Souss-Massa,0.8026758245623419
2020.0,6.0,Dakhla-Oued Ed-Dahab,-2.717443849373131
2020.0,6.0,Tanger-Tétouan-Al Hoceima,1.4532201831703482
2020.0,6.0,Drâa-Tafilalet,3.230246340409391
2020.0,6.0,Marrakech-Safi,-15.076520871661163
2020.0,6.0,l'Oriental,6.191831422397264
2020.0,6.0,Béni Mellal-Khénifra,7.345004448248441
2020.0,6.0,Casablanca-Settat,13.969004375993787
2020.0,6.0,Rabat-Salé-Kénitra,-38.96784706174966
2020.0,7.0,Fès-Meknès,-7.544197044619714
2020.0,7.0,Guelmim-Oued Noun,18.99853237362362
2020.0,7.0,Laâyoune-Sakia El Hamra,-9.383401946725863
2020.0,7.0,Souss-Massa,20.423767100637765
2020.0,7.0,Dakhla-Oued Ed-Dahab,3.1184382279634493
2020.0,7.0,Tanger-Tétouan-Al Hoceima,2.2036634806537507
2020.0,7.0,Drâa-Tafilalet,-0.279431053182272
2020.0,7.0,Marrakech-Safi,14.691957621597648
2020.0,7.0,l'Oriental,20.30973673441741
2020.0,7.0,Béni Mellal-Khénifra,8.727916751891035
2020.0,7.0,Casablanca-Settat,-6.466299386080096
2020.0,7.0,Rabat-Salé-Kénitra,13.063628452849889
2020.0,8.0,Fès-Meknès,-8.764785893976688
2020.0,8.0,Guelmim-Oued Noun,-4.779730248392346
2020.0,8.0,Laâyoune-Sakia El Hamra,7.946438937944933
2020.0,8.0,Souss-Massa,36.524283179996225
2020.0,8.0,Dakhla-Oued Ed-Dahab,-3.6275736138965327
2020.0,8.0,Tanger-Tétouan-Al Hoceima,0.6104338303727702
2020.0,8.0,Drâa-Tafilalet,1.2972259707005542
2020.0,8.0,Marrakech-Safi,11.142090873086088
2020.0,8.0,l'Oriental,20.992474751210825
2020.0,8.0,Béni Mellal-Khénifra,3.049092254042864
2020.0,8.0,Casablanca-Settat,32.75455573424147
2020.0,8.0,Rabat-Salé-Kénitra,5.006468684701774
2020.0,9.0,Fès-Meknès,0.7516712295100008
2020.0,9.0,Guelmim-Oued Noun,14.919613855847457
2020.0,9.0,Laâyoune-Sakia El Hamra,-10.571204378550844
2020.0,9.0,Souss-Massa,9.20932670314231
2020.0,9.0,Dakhla-Oued Ed-Dahab,5.060237869865522
2020.0,9.0,Tanger-Tétouan-Al Hoceima,17.192110643174633
2020.0,9.0,Drâa-Tafilalet,2.398977017348053
2020.0,9.0,Marrakech-Safi,-14.935874201322099
2020.0,9.0,l'Oriental,21.764082892205277
2020.0,9.0,Béni Mellal-Khénifra,8.294207993981432
2020.0,9.0,Casablanca-Settat,-13.735288913380547
2020.0,9.0,Rabat-Salé-Kénitra,1.503039518017488
2020.0,10.0,Fès-Meknès,-6.766880896996363
2020.0,10.0,Guelmim-Oued Noun,-0.9859963531605057
2020.0,10.0,Laâyoune-Sakia El Hamra,-0.03448678695768944
2020.0,10.0,Souss-Massa,-5.327102273779005
2020.0,10.0,Dakhla-Oued Ed-Dahab,-10.947505065217971
2020.0,10.0,Tanger-Tétouan-Al Hoceima,-0.6953519409051014
2020.0,10.0,Drâa-Tafilalet,9.691505915290549
2020.0,10.0,Marrakech-Safi,2.4693059327188775
2020.0,10.0,l'Oriental,22.93935452822355
2020.0,10.0,Béni Mellal-Khénifra,-2.02258581484494
2020.0,10.0,Casablanca-Settat,8.80961354018726
2020.0,10.0,Rabat-Salé-Kénitra,13.649385103575066
2020.0,11.0,Fès-Meknès,12.148320235884082
2020.0,11.0,Guelmim-Oued Noun,-2.85661327297949
2020.0,11.0,Laâyoune-Sakia El Hamra,15.496444574311951
2020.0,11.0,Souss-Massa,-5.374100695547577
2020.0,11.0,Dakhla-Oued Ed-Dahab,3.094644483277661
2020.0,11.0,Tanger-Tétouan-Al Hoceima,0.8982138815384716
2020.0,11.0,Drâa-Tafilalet,-4.0797115482546635
2020.0,11.0,Marrakech-Safi,-7.699075317713364
2020.0,11.0,l'Oriental,13.169527249638678
2020.0,11.0,Béni Mellal-Khénifra,1.6846612759377704
2020.0,11.0,Casablanca-Settat,-0.031063458431499706
2020.0,11.0,Rabat-Salé-Kénitra,20.966320211227043
2020.0,12.0,Fès-Meknès,4.68037994584011
2020.0,12.0,Guelmim-Oued Noun,12.12259291434731
2020.0,12.0,Laâyoune-Sakia El Hamra,10.691146451770962
2020.0,12.0,Souss-Massa,6.085250249160125
2020.0,12.0,Dakhla-Oued Ed-Dahab,-6.142834848164444
2020.0,12.0,Tanger-Tétouan-Al Hoceima,1.0240686755352233
2020.0,12.0,Drâa-Tafilalet,17.042640034407867
2020.0,12.0,Marrakech-Safi,8.187476394273864E-4
2020.0,12.0,l'Oriental,-11.633298000785791
2020.0,12.0,Béni Mellal-Khénifra,-3.0435505572109216
2020.0,12.0,Casablanca-Settat,-1.8800219350758876
2020.0,12.0,Rabat-Salé-Kénitra,1.3736373773950001
2021.0,1.0,Fès-Meknès,26.427540958368425
2021.0,1.0,Guelmim-Oued Noun,20.451469392383785
2021.0,1.0,Laâyoune-Sakia El Hamra,2.893049343566173
2021.0,1.0,Souss-Massa,1.1612250889395814
2021.0,1.0,Dakhla-Oued Ed-Dahab,17.21900934267327
2021.0,1.0,Tanger-Tétouan-Al Hoceima,1.282308135259394
2021.0,1.0,Drâa-Tafilalet,6.198184225044815
2021.0,1.0,Marrakech-Safi,6.8552470629523645
2021.0,1.0,l'Oriental,12.793071597926389
2021.0,1.0,Béni Mellal-Khénifra,3.192810187698736
2021.0,1.0,Casablanca-Settat,1.309969436128717
2021.0,1.0,Rabat-Salé-Kénitra,1.030267501662566
2021.0,2.0,Fès-Meknès,11.088945943943509
2021.0,2.0,Guelmim-Oued Noun,9.416997471708711
2021.0,2.0,Laâyoune-Sakia El Hamra,-6.4779787571648635
2021.0,2.0,Souss-Massa,0.8185577771254715
2021.0,2.0,Dakhla-Oued Ed-Dahab,5.226594033754703
2021.0,2.0,Tanger-Tétouan-Al Hoceima,2.5259202722507976
2021.0,2.0,Drâa-Tafilalet,8.182007672287456
2021.0,2.0,Marrakech-Safi,2.079240370460662
2021.0,2.0,l'Oriental,36.08500102724858
2021.0,2.0,Béni Mellal-Khénifra,1.473167776047312
2021.0,2.0,Casablanca-Settat,0.6862931222866563
2021.0,2.0,Rabat-Salé-Kénitra,0.6598340341685953
2021.0,3.0,Fès-Meknès,2.095775665840858
2021.0,3.0,Guelmim-Oued Noun,24.363518851101592
2021.0,3.0,Laâyoune-Sakia El Hamra,19.14208868848049
2021.0,3.0,Souss-Massa,-0.623233743565067
2021.0,3.0,Dakhla-Oued Ed-Dahab,-4.396846671677054
2021.0,3.0,Tanger-Tétouan-Al Hoceima,0.8169654540563143
2021.0,3.0,Drâa-Tafilalet,27.384046519345908
2021.0,3.0,Marrakech-Safi,1.3915745347160648
2021.0,3.0,l'Oriental,30.07869331538768
2021.0,3.0,Béni Mellal-Khénifra,1.5170394579384134
2021.0,3.0,Casablanca-Settat,0.6513133570856064
2021.0,3.0,Rabat-Salé-Kénitra,0.6616455282208016
2021.0,4.0,Fès-Meknès,17.323709760155335
2021.0,4.0,Guelmim-Oued Noun,4.789846468108068
2021.0,4.0,Laâyoune-Sakia El Hamra,-1.500408892490528
2021.0,4.0,Souss-Massa,3.3269433245070967
2021.0,4.0,Dakhla-Oued Ed-Dahab,8.299916248213353
2021.0,4.0,Tanger-Tétouan-Al Hoceima,0.7560875168455073
2021.0,4.0,Drâa-Tafilalet,16.151905859383962
2021.0,4.0,Marrakech-Safi,2.6608849560120693
2021.0,4.0,l'Oriental,43.63429894200535
2021.0,4.0,Béni Mellal-Khénifra,3.2863916395858386
2021.0,4.0,Casablanca-Settat,1.4794917744894445
2021.0,4.0,Rabat-Salé-Kénitra,0.7631228118315847
2021.0,5.0,Fès-Meknès,6.223573269670523
2021.0,5.0,Guelmim-Oued Noun,28.86747894745793
2021.0,5.0,Laâyoune-Sakia El Hamra,4.000912783480665
2021.0,5.0,Souss-Massa,9.254416317610785
2021.0,5.0,Dakhla-Oued Ed-Dahab,-2.911048219215086
2021.0,5.0,Tanger-Tétouan-Al Hoceima,0.8891999307117756
2021.0,5.0,Drâa-Tafilalet,18.671144774035838
2021.0,5.0,Marrakech-Safi,-5.02845779305907
2021.0,5.0,l'Oriental,29.856834782048665
2021.0,5.0,Béni Mellal-Khénifra,2.550399517603531
2021.0,5.0,Casablanca-Settat,59.4619222038101
2021.0,5.0,Rabat-Salé-Kénitra,1.7324493436383646
2021.0,6.0,Fès-Meknès,41.771520720856714
2021.0,6.0,Guelmim-Oued Noun,2.7408291790571675
2021.0,6.0,Laâyoune-Sakia El Hamra,4.192252617638148
2021.0,6.0,Souss-Massa,6.956248409276319
2021.0,6.0,Dakhla-Oued Ed-Dahab,-3.9870429352704835
2021.0,6.0,Tanger-Tétouan-Al Hoceima,2.3148567796777257
2021.0,6.0,Drâa-Tafilalet,-6.331431831529912
2021.0,6.0,Marrakech-Safi,4.132968049085183
2021.0,6.0,l'Oriental,41.33956316077192
2021.0,6.0,Béni Mellal-Khénifra,8.378119091552632
2021.0,6.0,Casablanca-Settat,9.678265118088184
2021.0,6.0,Rabat-Salé-Kénitra,3.740705475442981
2021.0,7.0,Fès-Meknès,2.3152711054027404
2021.0,7.0,Guelmim-Oued Noun,0.9808374785221332
2021.0,7.0,Laâyoune-Sakia El Hamra,-3.338597524372752
2021.0,7.0,Souss-Massa,0.6503061091521815
2021.0,7.0,Dakhla-Oued Ed-Dahab,-4.157281066546154
2021.0,7.0,Tanger-Tétouan-Al Hoceima,1.822825880280446
2021.0,7.0,Drâa-Tafilalet,-2.2647188882568265
2021.0,7.0,Marrakech-Safi,7.777258468122978
2021.0,7.0,l'Oriental,5.319155096784601
2021.0,7.0,Béni Mellal-Khénifra,8.83814955045938
2021.0,7.0,Casablanca-Settat,15.823129791624321
2021.0,7.0,Rabat-Salé-Kénitra,4.027257179342872
2021.0,8.0,Fès-Meknès,5.538142882828741
2021.0,8.0,Guelmim-Oued Noun,-2.190924559663614
2021.0,8.0,Laâyoune-Sakia El Hamra,24.685564838319525
2021.0,8.0,Souss-Massa,-6.316470523302558
2021.0,8.0,Dakhla-Oued Ed-Dahab,2.1104638145476637
2021.0,8.0,Tanger-Tétouan-Al Hoceima,1.390588130870843
2021.0,8.0,Drâa-Tafilalet,-2.5022129827076696
2021.0,8.0,Marrakech-Safi,18.076089938461195
2021.0,8.0,l'Oriental,18.653322142361457
2021.0,8.0,Béni Mellal-Khénifra,-7.276198783539932
2021.0,8.0,Casablanca-Settat,9.036930290213833
2021.0,8.0,Rabat-Salé-Kénitra,2.001803285473643
2021.0,9.0,Fès-Meknès,0.6925049511156149
2021.0,9.0,Guelmim-Oued Noun,-1.5066968512556047
2021.0,9.0,Laâyoune-Sakia El Hamra,22.676952494593852
2021.0,9.0,Souss-Massa,0.8727689397579268
2021.0,9.0,Dakhla-Oued Ed-Dahab,1.4094112469722566
2021.0,9.0,Tanger-Tétouan-Al Hoceima,0.7332336065507861
2021.0,9.0,Drâa-Tafilalet,-0.18005958776441497
2021.0,9.0,Marrakech-Safi,3.0322347912422813
2021.0,9.0,l'Oriental,57.07930285864749
2021.0,9.0,Béni Mellal-Khénifra,-2.892723758122659
2021.0,9.0,Casablanca-Settat,48.754818219833325
2021.0,9.0,Rabat-Salé-Kénitra,4.5188697810672815
2021.0,10.0,Fès-Meknès,7.946930746030807
2021.0,10.0,Guelmim-Oued Noun,73.6883916669423
2021.0,10.0,Laâyoune-Sakia El Hamra,5.384675912113126
2021.0,10.0,Souss-Massa,6.4791702822202
2021.0,10.0,Dakhla-Oued Ed-Dahab,0.5976394588113136
2021.0,10.0,Tanger-Tétouan-Al Hoceima,1.7743100258151658
2021.0,10.0,Drâa-Tafilalet,3.2152992887614027
2021.0,10.0,Marrakech-Safi,20.992585816115653
2021.0,10.0,l'Oriental,9.482570403897258
2021.0,10.0,Béni Mellal-Khénifra,7.5058653207009005
2021.0,10.0,Casablanca-Settat,27.926164118579074
2021.0,10.0,Rabat-Salé-Kénitra,5.1438081380032195
2021.0,11.0,Fès-Meknès,7.044365326439403
2021.0,11.0,Guelmim-Oued Noun,-13.715464947766204
2021.0,11.0,Laâyoune-Sakia El Hamra,0.38080918498027283
2021.0,11.0,Souss-Massa,2.431228985395186
2021.0,11.0,Dakhla-Oued Ed-Dahab,-3.8911456164958302
2021.0,11.0,Tanger-Tétouan-Al Hoceima,1.8124878553293202
2021.0,11.0,Drâa-Tafilalet,4.050816203017858
2021.0,11.0,Marrakech-Safi,6.256865444261366
2021.0,11.0,l'Oriental,24.633443195817133
2021.0,11.0,Béni Mellal-Khénifra,20.611512994391173
2021.0,11.0,Casablanca-Settat,-3.8388841959403344
2021.0,11.0,Rabat-Salé-Kénitra,15.685755370275624
2021.0,12.0,Fès-Meknès,2.4650433314495643
2021.0,12.0,Guelmim-Oued Noun,-9.862987494311149
2021.0,12.0,Laâyoune-Sakia El Hamra,-1.6780743955042512
2021.0,12.0,Souss-Massa,11.639483907319518
2021.0,12.0,Dakhla-Oued Ed-Dahab,-0.32352553616703505
2021.0,12.0,Tanger-Tétouan-Al Hoceima,0.957143769276859
2021.0,12.0,Drâa-Tafilalet,12.975752688619695
2021.0,12.0,Marrakech-Safi,5.320609683681865
2021.0,12.0,l'Oriental,12.920207457735097
2021.0,12.0,Béni Mellal-Khénifra,3.296000850356674
2021.0,12.0,Casablanca-Settat,38.1370037562453
2021.0,12.0,Rabat-Salé-Kénitra,-1.0493185505400549
2022.0,1.0,Fès-Meknès,2.68076360338943
2022.0,1.0,Guelmim-Oued Noun,4.7620237210818654
2022.0,1.0,Laâyoune-Sakia El Hamra,8.019934317513385
2022.0,1.0,Souss-Massa,0.36488176476087714
2022.0,1.0,Dakhla-Oued Ed-Dahab,-4.05230309924281
2022.0,1.0,Tanger-Tétouan-Al Hoceima,3.7194035437991637
2022.0,1.0,Drâa-Tafilalet,-3.1243770670012467
2022.0,1.0,Marrakech-Safi,5.070751081555262
2022.0,1.0,l'Oriental,-3.7204180602847483
2022.0,1.0,Béni Mellal-Khénifra,3.624994935883114
2022.0,1.0,Casablanca-Settat,3.810783241592398
2022.0,1.0,Rabat-Salé-Kénitra,1.0836725341554148
2022.0,2.0,Fès-Meknès,5.877872896722062
2022.0,2.0,Guelmim-Oued Noun,-10.319678221647864
2022.0,2.0,Laâyoune-Sakia El Hamra,10.363919494735
2022.0,2.0,Souss-Massa,13.05467590338162
2022.0,2.0,Dakhla-Oued Ed-Dahab,5.023709701644413
2022.0,2.0,Tanger-Tétouan-Al Hoceima,0.5254358274844897
2022.0,2.0,Drâa-Tafilalet,3.1224538151464682
2022.0,2.0,Marrakech-Safi,12.253293479597863
2022.0,2.0,l'Oriental,15.507897004339835
2022.0,2.0,Béni Mellal-Khénifra,33.726477784790205
2022.0,2.0,Casablanca-Settat,20.126444028963583
2022.0,2.0,Rabat-Salé-Kénitra,1.4227983840101466
2022.0,3.0,Fès-Meknès,5.8021106261402515
2022.0,3.0,Guelmim-Oued Noun,9.651099335324785
2022.0,3.0,Laâyoune-Sakia El Hamra,-4.934448545339122
2022.0,3.0,Souss-Massa,6.274379298204606
2022.0,3.0,Dakhla-Oued Ed-Dahab,2.6955435643876777
2022.0,3.0,Tanger-Tétouan-Al Hoceima,-7.968472192378355
2022.0,3.0,Drâa-Tafilalet,17.242195658711235
2022.0,3.0,Marrakech-Safi,10.806731807350074
2022.0,3.0,l'Oriental,17.935919627692325
2022.0,3.0,Béni Mellal-Khénifra,1.9352942561998545
2022.0,3.0,Casablanca-Settat,1.9369844534012106
2022.0,3.0,Rabat-Salé-Kénitra,1.0892874823179965
2022.0,4.0,Fès-Meknès,4.545596922603093
2022.0,4.0,Guelmim-Oued Noun,27.616858743750328
2022.0,4.0,Laâyoune-Sakia El Hamra,24.467387761935473
2022.0,4.0,Souss-Massa,-0.9204507792432979
2022.0,4.0,Dakhla-Oued Ed-Dahab,40.230223385995856
2022.0,4.0,Tanger-Tétouan-Al Hoceima,0.8505855196427886
2022.0,4.0,Drâa-Tafilalet,16.480325523371953
2022.0,4.0,Marrakech-Safi,3.066713452896229
2022.0,4.0,l'Oriental,28.325713777140017
2022.0,4.0,Béni Mellal-Khénifra,2.783139344529953
2022.0,4.0,Casablanca-Settat,2.4620109619413304
2022.0,4.0,Rabat-Salé-Kénitra,1.1609652343682857
2022.0,5.0,Fès-Meknès,58.92992246540758
2022.0,5.0,Guelmim-Oued Noun,13.153955243229609
2022.0,5.0,Laâyoune-Sakia El Hamra,9.594993606964373
2022.0,5.0,Souss-Massa,2.8943217116455084
2022.0,5.0,Dakhla-Oued Ed-Dahab,0.6935915239308675
2022.0,5.0,Tanger-Tétouan-Al Hoceima,1.0697651466206324
2022.0,5.0,Drâa-Tafilalet,13.81575940890296
2022.0,5.0,Marrakech-Safi,16.005409091361283
2022.0,5.0,l'Oriental,30.224919074885808
2022.0,5.0,Béni Mellal-Khénifra,43.109265721973884
2022.0,5.0,Casablanca-Settat,11.189266675368213
2022.0,5.0,Rabat-Salé-Kénitra,3.176835477101345
2022.0,6.0,Fès-Meknès,-1.7836763080355313
2022.0,6.0,Guelmim-Oued Noun,21.508112745621858
2022.0,6.0,Laâyoune-Sakia El Hamra,-16.077302535074054
2022.0,6.0,Souss-Massa,-3.2287520371207785
2022.0,6.0,Dakhla-Oued Ed-Dahab,6.375077228997233
2022.0,6.0,Tanger-Tétouan-Al Hoceima,1.5818967056124922
2022.0,6.0,Drâa-Tafilalet,12.11637202866781
2022.0,6.0,Marrakech-Safi,15.371354837905937
2022.0,6.0,l'Oriental,2.2139365420016213
2022.0,6.0,Béni Mellal-Khénifra,3.24897789979291
2022.0,6.0,Casablanca-Settat,27.23260978629478
2022.0,6.0,Rabat-Salé-Kénitra,-3.3737752578160065
2022.0,7.0,Fès-Meknès,5.465335921718077
2022.0,7.0,Guelmim-Oued Noun,16.467172665991367
2022.0,7.0,Laâyoune-Sakia El Hamra,13.299421754249547
2022.0,7.0,Souss-Massa,12.522396506258856
2022.0,7.0,Dakhla-Oued Ed-Dahab,-2.8854226283527638
2022.0,7.0,Tanger-Tétouan-Al Hoceima,2.3383284924910543
2022.0,7.0,Drâa-Tafilalet,-2.8638078694569686
2022.0,7.0,Marrakech-Safi,8.078788654660729
2022.0,7.0,l'Oriental,40.186716886784254
2022.0,7.0,Béni Mellal-Khénifra,8.075665793744566
2022.0,7.0,Casablanca-Settat,8.07083576258519
2022.0,7.0,Rabat-Salé-Kénitra,2.5114803420423613
2022.0,8.0,Fès-Meknès,-2.1852715504821125
2022.0,8.0,Guelmim-Oued Noun,-11.645092487109611
2022.0,8.0,Laâyoune-Sakia El Hamra,-0.3616316926753256
2022.0,8.0,Souss-Massa,-9.522054618745607
2022.0,8.0,Dakhla-Oued Ed-Dahab,-1.380769240629756
2022.0,8.0,Tanger-Tétouan-Al Hoceima,16.300900515510765
2022.0,8.0,Drâa-Tafilalet,-6.91119306681863
2022.0,8.0,Marrakech-Safi,20.040662721291184
2022.0,8.0,l'Oriental,1.3367262795557884
2022.0,8.0,Béni Mellal-Khénifra,2.6523410381103583
2022.0,8.0,Casablanca-Settat,5.104607977449558
2022.0,8.0,Rabat-Salé-Kénitra,8.601094505830643
2022.0,9.0,Fès-Meknès,1.5343197005465763
2022.0,9.0,Guelmim-Oued Noun,-1.5647014122948457
2022.0,9.0,Laâyoune-Sakia El Hamra,8.641540847168681
2022.0,9.0,Souss-Massa,-8.43947381111875
2022.0,9.0,Dakhla-Oued Ed-Dahab,8.306545405690638
2022.0,9.0,Tanger-Tétouan-Al Hoceima,-1.4803161526863755
2022.0,9.0,Drâa-Tafilalet,20.04810617618376
2022.0,9.0,Marrakech-Safi,42.249644421792
2022.0,9.0,l'Oriental,-3.4232538976212785
2022.0,9.0,Béni Mellal-Khénifra,10.040948703003396
2022.0,9.0,Casablanca-Settat,11.121311336913365
2022.0,9.0,Rabat-Salé-Kénitra,9.47466831332581
2022.0,10.0,Fès-Meknès,-27.470204788051706
2022.0,10.0,Guelmim-Oued Noun,8.29918864425504
2022.0,10.0,Laâyoune-Sakia El Hamra,-10.151880744668835
2022.0,10.0,Souss-Massa,-3.5745702545149673
2022.0,10.0,Dakhla-Oued Ed-Dahab,4.223871417035703
2022.0,10.0,Tanger-Tétouan-Al Hoceima,18.751558082425824
2022.0,10.0,Drâa-Tafilalet,29.124098401893626
2022.0,10.0,Marrakech-Safi,-1.3134426186223762
2022.0,10.0,l'Oriental,67.85246546940563
2022.0,10.0,Béni Mellal-Khénifra,2.528217386754403
2022.0,10.0,Casablanca-Settat,37.3187706921963
2022.0,10.0,Rabat-Salé-Kénitra,-1.4673922211105044
2022.0,11.0,Fès-Meknès,-4.562417422132594
2022.0,11.0,Guelmim-Oued Noun,-1.6379216113403738
2022.0,11.0,Laâyoune-Sakia El Hamra,13.914363179306859
2022.0,11.0,Souss-Massa,8.174777136493647
2022.0,11.0,Dakhla-Oued Ed-Dahab,4.824788319102509
2022.0,11.0,Tanger-Tétouan-Al Hoceima,4.834364145725126
2022.0,11.0,Drâa-Tafilalet,-3.428992473906172
2022.0,11.0,Marrakech-Safi,34.215501090696534
2022.0,11.0,l'Oriental,36.01015967853549
2022.0,11.0,Béni Mellal-Khénifra,15.851403710267427
2022.0,11.0,Casablanca-Settat,16.357070490948974
2022.0,11.0,Rabat-Salé-Kénitra,20.9575993391396
2022.0,12.0,Fès-Meknès,10.814296243228995
2022.0,12.0,Guelmim-Oued Noun,9.863313885990502
2022.0,12.0,Laâyoune-Sakia El Hamra,-7.5541926353764595
2022.0,12.0,Souss-Massa,1.5425566678333873
2022.0,12.0,Dakhla-Oued Ed-Dahab,5.930355527836988
2022.0,12.0,Tanger-Tétouan-Al Hoceima,0.9872597054515163
2022.0,12.0,Drâa-Tafilalet,12.981764588933649
2022.0,12.0,Marrakech-Safi,-2.347269979405351
2022.0,12.0,l'Oriental,22.428164344291872
2022.0,12.0,Béni Mellal-Khénifra,2.4448225705725464
2022.0,12.0,Casablanca-Settat,3.874415672641193
2022.0,12.0,Rabat-Salé-Kénitra,3.601086438740187
2023.0,1.0,Fès-Meknès,3.425820447502308
2023.0,1.0,Guelmim-Oued Noun,31.27352854216854
2023.0,1.0,Laâyoune-Sakia El Hamra,-1.926496788260534
2023.0,1.0,Souss-Massa,5.460874389440837
2023.0,1.0,Dakhla-Oued Ed-Dahab,-3.994853093139985
2023.0,1.0,Tanger-Tétouan-Al Hoceima,0.7072498266054675
2023.0,1.0,Drâa-Tafilalet,8.98749605930611
2023.0,1.0,Marrakech-Safi,5.82309633922668
2023.0,1.0,l'Oriental,28.79188993986848
2023.0,1.0,Béni Mellal-Khénifra,2.02335924619415
2023.0,1.0,Casablanca-Settat,1.262829247341453
2023.0,1.0,Rabat-Salé-Kénitra,1.1606852162263026
2023.0,2.0,Fès-Meknès,9.018957502464545
2023.0,2.0,Guelmim-Oued Noun,16.77183525085691
2023.0,2.0,Laâyoune-Sakia El Hamra,6.191868939305635
2023.0,2.0,Souss-Massa,-1.5359535804875513
2023.0,2.0,Dakhla-Oued Ed-Dahab,13.395538109876258
2023.0,2.0,Tanger-Tétouan-Al Hoceima,1.8990996239399924
2023.0,2.0,Drâa-Tafilalet,3.973298235943451
2023.0,2.0,Marrakech-Safi,20.384515908537097
2023.0,2.0,l'Oriental,14.201993788483705
2023.0,2.0,Béni Mellal-Khénifra,2.6417184945454975
2023.0,2.0,Casablanca-Settat,1.0994611434983974
2023.0,2.0,Rabat-Salé-Kénitra,0.812387556119632
2023.0,3.0,Fès-Meknès,2.685355980246286
2023.0,3.0,Guelmim-Oued Noun,10.953398817928395
2023.0,3.0,Laâyoune-Sakia El Hamra,21.630105935179902
2023.0,3.0,Souss-Massa,7.909033789058851
2023.0,3.0,Dakhla-Oued Ed-Dahab,28.184361684725694
2023.0,3.0,Tanger-Tétouan-Al Hoceima,0.9906313911926554
2023.0,3.0,Drâa-Tafilalet,14.860650068054426
2023.0,3.0,Marrakech-Safi,7.261575622483747
2023.0,3.0,l'Oriental,14.322045210111318
2023.0,3.0,Béni Mellal-Khénifra,-0.05172827088350321
2023.0,3.0,Casablanca-Settat,0.9952471516089394
2023.0,3.0,Rabat-Salé-Kénitra,0.8865376963935456
2023.0,4.0,Fès-Meknès,8.922044321020122
2023.0,4.0,Guelmim-Oued Noun,10.804245713576256
2023.0,4.0,Laâyoune-Sakia El Hamra,15.78959913999607
2023.0,4.0,Souss-Massa,7.460665975091072
2023.0,4.0,Dakhla-Oued Ed-Dahab,8.462456585617947
2023.0,4.0,Tanger-Tétouan-Al Hoceima,1.3537996712313027
2023.0,4.0,Drâa-Tafilalet,7.651478702497692
2023.0,4.0,Marrakech-Safi,6.4759295612889645
2023.0,4.0,l'Oriental,56.27678348675292
2023.0,4.0,Béni Mellal-Khénifra,-0.0033040640011790575
2023.0,4.0,Casablanca-Settat,7.443657291401135
2023.0,4.0,Rabat-Salé-Kénitra,1.6917675129088678
2023.0,5.0,Fès-Meknès,-3.494535251201847
2023.0,5.0,Guelmim-Oued Noun,19.599115889969372
2023.0,5.0,Laâyoune-Sakia El Hamra,17.607343677176626
2023.0,5.0,Souss-Massa,2.982178318388486
2023.0,5.0,Dakhla-Oued Ed-Dahab,17.539223363548004
2023.0,5.0,Tanger-Tétouan-Al Hoceima,1.9589399836736685
2023.0,5.0,Drâa-Tafilalet,15.855519285195248
2023.0,5.0,Marrakech-Safi,28.885477449591836
2023.0,5.0,l'Oriental,18.257529679271276
2023.0,5.0,Béni Mellal-Khénifra,22.706270137703807
2023.0,5.0,Casablanca-Settat,66.06819836466217
2023.0,5.0,Rabat-Salé-Kénitra,4.644588322178879
2023.0,6.0,Fès-Meknès,2.4462156460608724
2023.0,6.0,Guelmim-Oued Noun,8.894908744089312
2023.0,6.0,Laâyoune-Sakia El Hamra,10.340958171535167
2023.0,6.0,Souss-Massa,15.404440693501925
2023.0,6.0,Dakhla-Oued Ed-Dahab,-2.2068894788446625
2023.0,6.0,Tanger-Tétouan-Al Hoceima,3.537245366641138
2023.0,6.0,Drâa-Tafilalet,1.297631530853739
2023.0,6.0,Marrakech-Safi,15.711684433270412
2023.0,6.0,l'Oriental,10.802059937241879
2023.0,6.0,Béni Mellal-Khénifra,15.995155604288703
2023.0,6.0,Casablanca-Settat,39.315308610561914
2023.0,6.0,Rabat-Salé-Kénitra,-6.017808396958021
2023.0,7.0,Fès-Meknès,14.24086021796546
2023.0,7.0,Guelmim-Oued Noun,12.47248154659999
2023.0,7.0,Laâyoune-Sakia El Hamra,2.247674328115813
2023.0,7.0,Souss-Massa,6.7790295840236485
2023.0,7.0,Dakhla-Oued Ed-Dahab,3.7426119200981143
2023.0,7.0,Tanger-Tétouan-Al Hoceima,2.4166330046459876
2023.0,7.0,Drâa-Tafilalet,-0.7143123469963691
2023.0,7.0,Marrakech-Safi,12.423543965855904
2023.0,7.0,l'Oriental,18.712838749273715
2023.0,7.0,Béni Mellal-Khénifra,-4.614441015605699
2023.0,7.0,Casablanca-Settat,28.70645170342636
2023.0,7.0,Rabat-Salé-Kénitra,4.1008837483638585
2023.0,8.0,Fès-Meknès,15.419750035472207
2023.0,8.0,Guelmim-Oued Noun,56.48414875843494
2023.0,8.0,Laâyoune-Sakia El Hamra,2.299864314577545
2023.0,8.0,Souss-Massa,1.3047974605208272
2023.0,8.0,Dakhla-Oued Ed-Dahab,-4.188274160512122
2023.0,8.0,Tanger-Tétouan-Al Hoceima,0.305320239742062
2023.0,8.0,Drâa-Tafilalet,18.66320390691543
2023.0,8.0,Marrakech-Safi,10.65617928575032
2023.0,8.0,l'Oriental,15.882778297260824
2023.0,8.0,Béni Mellal-Khénifra,9.547453387856468
2023.0,8.0,Casablanca-Settat,45.719624238031464
2023.0,8.0,Rabat-Salé-Kénitra,1.0140616929072603
2023.0,9.0,Fès-Meknès,26.204157189239986
2023.0,9.0,Guelmim-Oued Noun,19.786162686086314
2023.0,9.0,Laâyoune-Sakia El Hamra,6.2117091592511295
2023.0,9.0,Souss-Massa,-5.265274564213791
2023.0,9.0,Dakhla-Oued Ed-Dahab,-2.014512157869135
2023.0,9.0,Tanger-Tétouan-Al Hoceima,1.5252946203594555
2023.0,9.0,Drâa-Tafilalet,-0.19018380670098778
2023.0,9.0,Marrakech-Safi,15.193450178229982
2023.0,9.0,l'Oriental,-12.177541578053894
2023.0,9.0,Béni Mellal-Khénifra,0.12581070286368673
2023.0,9.0,Casablanca-Settat,-4.4890958467278175
2023.0,9.0,Rabat-Salé-Kénitra,2.405627584487495
2023.0,10.0,Fès-Meknès,5.618105943715717
2023.0,10.0,Guelmim-Oued Noun,2.9991967587403177
2023.0,10.0,Laâyoune-Sakia El Hamra,16.804112005249255
2023.0,10.0,Souss-Massa,6.329801942652516
2023.0,10.0,Dakhla-Oued Ed-Dahab,-3.7540701610459295
2023.0,10.0,Tanger-Tétouan-Al Hoceima,0.7569984063650943
2023.0,10.0,Drâa-Tafilalet,1.065512507209491
2023.0,10.0,Marrakech-Safi,7.823344747502117
2023.0,10.0,l'Oriental,-24.576522779126673
2023.0,10.0,Béni Mellal-Khénifra,5.57342867203433
2023.0,10.0,Casablanca-Settat,-0.6162437719257031
2023.0,10.0,Rabat-Salé-Kénitra,32.96808260477411
2023.0,11.0,Fès-Meknès,8.610998191199837
2023.0,11.0,Guelmim-Oued Noun,-0.35252392036692015
2023.0,11.0,Laâyoune-Sakia El Hamra,4.579815301942607
2023.0,11.0,Souss-Massa,1.4925268887863268
2023.0,11.0,Dakhla-Oued Ed-Dahab,1.7076472343526348
2023.0,11.0,Tanger-Tétouan-Al Hoceima,1.8294765165033642
2023.0,11.0,Drâa-Tafilalet,16.627388480449625
2023.0,11.0,Marrakech-Safi,0.03942805946020887
2023.0,11.0,l'Oriental,9.07963984929951
2023.0,11.0,Béni Mellal-Khénifra,13.10643905785537
2023.0,11.0,Casablanca-Settat,11.861753497009888
2023.0,11.0,Rabat-Salé-Kénitra,9.108368519558896
2023.0,12.0,Fès-Meknès,0.6356774656239677
2023.0,12.0,Guelmim-Oued Noun,8.816133825279078
2023.0,12.0,Laâyoune-Sakia El Hamra,8.40290356609529
2023.0,12.0,Souss-Massa,-1.5646762603497995
2023.0,12.0,Dakhla-Oued Ed-Dahab,-8.231035636630926
2023.0,12.0,Tanger-Tétouan-Al Hoceima,1.1683073508325466
2023.0,12.0,Drâa-Tafilalet,9.133962722814008
2023.0,12.0,Marrakech-Safi,5.113230240546976
2023.0,12.0,l'Oriental,8.468590026634882
2023.0,12.0,Béni Mellal-Khénifra,21.816883361682848
2023.0,12.0,Casablanca-Settat,2.2421988649184743
2023.0,12.0,Rabat-Salé-Kénitra,6.827303567787311
2024.0,1.0,Fès-Meknès,-0.6780490636669225
2024.0,1.0,Guelmim-Oued Noun,4.895869545073612
2024.0,1.0,Laâyoune-Sakia El Hamra,14.90888918735375
2024.0,1.0,Souss-Massa,18.280144854073555
2024.0,1.0,Dakhla-Oued Ed-Dahab,11.685185970435473
2024.0,1.0,Tanger-Tétouan-Al Hoceima,1.7398673327009104
2024.0,1.0,Drâa-Tafilalet,6.557012995677776
2024.0,1.0,Marrakech-Safi,-2.279650413730031
2024.0,1.0,l'Oriental,32.240882766646656
2024.0,1.0,Béni Mellal-Khénifra,8.678513910853772
2024.0,1.0,Casablanca-Settat,-2.0143240430339575
2024.0,1.0,Rabat-Salé-Kénitra,6.404637029557831
2024.0,2.0,Fès-Meknès,1.3464288404927887
2024.0,2.0,Guelmim-Oued Noun,13.98853581536029
2024.0,2.0,Laâyoune-Sakia El Hamra,-4.4346661881563945
2024.0,2.0,Souss-Massa,7.814911015954422
2024.0,2.0,Dakhla-Oued Ed-Dahab,0.9086287867388043
2024.0,2.0,Tanger-Tétouan-Al Hoceima,2.114296553702553
2024.0,2.0,Drâa-Tafilalet,-5.944896084158404
2024.0,2.0,Marrakech-Safi,-2.3954956643943044
2024.0,2.0,l'Oriental,5.06325713335164
2024.0,2.0,Béni Mellal-Khénifra,42.140342852931354
2024.0,2.0,Casablanca-Settat,6.41218754636296
2024.0,2.0,Rabat-Salé-Kénitra,0.8458575541673268
2024.0,3.0,Fès-Meknès,10.90912006131289
2024.0,3.0,Guelmim-Oued Noun,12.92405583312917
2024.0,3.0,Laâyoune-Sakia El Hamra,2.459501522389952
2024.0,3.0,Souss-Massa,5.674554582040763
2024.0,3.0,Dakhla-Oued Ed-Dahab,-4.098580658277253
2024.0,3.0,Tanger-Tétouan-Al Hoceima,0.9873595372870667
2024.0,3.0,Drâa-Tafilalet,12.167733406238288
2024.0,3.0,Marrakech-Safi,7.323528477970049
2024.0,3.0,l'Oriental,20.193045748118898
2024.0,3.0,Béni Mellal-Khénifra,6.187102683688224
2024.0,3.0,Casablanca-Settat,12.126228318261145
2024.0,3.0,Rabat-Salé-Kénitra,-1.1586643394926914
2024.0,4.0,Fès-Meknès,-0.9397056583201606
2024.0,4.0,Guelmim-Oued Noun,10.498912298860674
2024.0,4.0,Laâyoune-Sakia El Hamra,5.454912329633431
2024.0,4.0,Souss-Massa,5.577264202023422
2024.0,4.0,Dakhla-Oued Ed-Dahab,5.542194776774155
2024.0,4.0,Tanger-Tétouan-Al Hoceima,0.8352855956928481
2024.0,4.0,Drâa-Tafilalet,-1.8641946823018412
2024.0,4.0,Marrakech-Safi,1.3074254101122667
2024.0,4.0,l'Oriental,10.61486192465856
2024.0,4.0,Béni Mellal-Khénifra,1.4938265543170148
2024.0,4.0,Casablanca-Settat,1.4181191607332058
2024.0,4.0,Rabat-Salé-Kénitra,0.656555191446921
2024.0,5.0,Fès-Meknès,10.683290248160823
2024.0,5.0,Guelmim-Oued Noun,8.23480327900737
2024.0,5.0,Laâyoune-Sakia El Hamra,26.1956954650408
2024.0,5.0,Souss-Massa,4.767940516049793
2024.0,5.0,Dakhla-Oued Ed-Dahab,5.437121571358356
2024.0,5.0,Tanger-Tétouan-Al Hoceima,1.2773692497184197
2024.0,5.0,Drâa-Tafilalet,5.992883528348201
2024.0,5.0,Marrakech-Safi,15.225236456702438
2024.0,5.0,l'Oriental,25.003047154765113
2024.0,5.0,Béni Mellal-Khénifra,23.450196645564176
2024.0,5.0,Casablanca-Settat,26.095349393913406
2024.0,5.0,Rabat-Salé-Kénitra,1.8016823343790778
2024.0,6.0,Fès-Meknès,28.439800206884154
2024.0,6.0,Guelmim-Oued Noun,16.66651254620029
2024.0,6.0,Laâyoune-Sakia El Hamra,9.706339867468294
2024.0,6.0,Souss-Massa,7.680906340572709
2024.0,6.0,Dakhla-Oued Ed-Dahab,13.021170995212904
2024.0,6.0,Tanger-Tétouan-Al Hoceima,1.0563539393884647
2024.0,6.0,Drâa-Tafilalet,10.086333818119982
2024.0,6.0,Marrakech-Safi,-3.189012702357599
2024.0,6.0,l'Oriental,15.582637269992151
2024.0,6.0,Béni Mellal-Khénifra,5.886601863047535
2024.0,6.0,Casablanca-Settat,54.29897330078434
2024.0,6.0,Rabat-Salé-Kénitra,6.0276690332056075
2024.0,7.0,Fès-Meknès,3.3953412755694097
2024.0,7.0,Guelmim-Oued Noun,32.53816988810804
2024.0,7.0,Laâyoune-Sakia El Hamra,5.844853001703636
2024.0,7.0,Souss-Massa,8.149266579398315
2024.0,7.0,Dakhla-Oued Ed-Dahab,29.752509196883917
2024.0,7.0,Tanger-Tétouan-Al Hoceima,7.54470063197018
2024.0,7.0,Drâa-Tafilalet,-0.24562932218798833
2024.0,7.0,Marrakech-Safi,-0.09810832421247048
2024.0,7.0,l'Oriental,31.671816715682343
2024.0,7.0,Béni Mellal-Khénifra,5.377641377936402
2024.0,7.0,Casablanca-Settat,13.197212587810629
2024.0,7.0,Rabat-Salé-Kénitra,18.329602053729438
2024.0,8.0,Fès-Meknès,19.261490411759162
2024.0,8.0,Guelmim-Oued Noun,8.267460036239159
2024.0,8.0,Laâyoune-Sakia El Hamra,11.76968495920384
2024.0,8.0,Souss-Massa,2.2418096770585163
2024.0,8.0,Dakhla-Oued Ed-Dahab,-9.299907610676106
2024.0,8.0,Tanger-Tétouan-Al Hoceima,-0.32722859278634303
2024.0,8.0,Drâa-Tafilalet,4.370526598533438
2024.0,8.0,Marrakech-Safi,1.2634766422902977
2024.0,8.0,l'Oriental,-3.965179974691174
2024.0,8.0,Béni Mellal-Khénifra,4.326445912102025
2024.0,8.0,Casablanca-Settat,11.32552594359987
2024.0,8.0,Rabat-Salé-Kénitra,5.935944552836788
2024.0,9.0,Fès-Meknès,-5.109784440187046
2024.0,9.0,Guelmim-Oued Noun,28.459379078550665
2024.0,9.0,Laâyoune-Sakia El Hamra,-0.06554937239881141
2024.0,9.0,Souss-Massa,3.4347089041417806
2024.0,9.0,Dakhla-Oued Ed-Dahab,-2.922212473923216
2024.0,9.0,Tanger-Tétouan-Al Hoceima,0.38123209302693467
2024.0,9.0,Drâa-Tafilalet,0.498924266250725
2024.0,9.0,Marrakech-Safi,21.572873888178172
2024.0,9.0,l'Oriental,-3.037560841513872
2024.0,9.0,Béni Mellal-Khénifra,11.474665809741687
2024.0,9.0,Casablanca-Settat,32.405099397705094
2024.0,9.0,Rabat-Salé-Kénitra,3.425248402468403
2024.0,10.0,Fès-Meknès,6.295260270566525
2024.0,10.0,Guelmim-Oued Noun,36.64244901134367
2024.0,10.0,Laâyoune-Sakia El Hamra,-7.930757778020317
2024.0,10.0,Souss-Massa,-3.1712292660532135
2024.0,10.0,Dakhla-Oued Ed-Dahab,5.63455216243662
2024.0,10.0,Tanger-Tétouan-Al Hoceima,0.4806377009728682
2024.0,10.0,Drâa-Tafilalet,6.051248983716715
2024.0,10.0,Marrakech-Safi,6.20250005146394
2024.0,10.0,l'Oriental,6.1930457199563795
2024.0,10.0,Béni Mellal-Khénifra,-0.5707989066461099
2024.0,10.0,Casablanca-Settat,23.01981336383693
2024.0,10.0,Rabat-Salé-Kénitra,3.0555693489341484
2024.0,11.0,Fès-Meknès,8.371926697472464
2024.0,11.0,Guelmim-Oued Noun,-1.1552399829417053
2024.0,11.0,Laâyoune-Sakia El Hamra,4.986691752201689
2024.0,11.0,Souss-Massa,9.236943739540243
2024.0,11.0,Dakhla-Oued Ed-Dahab,12.53547826794703
2024.0,11.0,Tanger-Tétouan-Al Hoceima,0.49560624837260503
2024.0,11.0,Drâa-Tafilalet,4.448828615375223
2024.0,11.0,Marrakech-Safi,-3.432065680904942
2024.0,11.0,l'Oriental,0.4207461213862531
2024.0,11.0,Béni Mellal-Khénifra,2.5349846723492595
2024.0,11.0,Casablanca-Settat,1.5087326083232107
2024.0,11.0,Rabat-Salé-Kénitra,2.391665242921599
2024.0,12.0,Fès-Meknès,14.394374085832697
2024.0,12.0,Guelmim-Oued Noun,-1.7753255109259611
2024.0,12.0,Laâyoune-Sakia El Hamra,18.48388845113777
2024.0,12.0,Souss-Massa,0.9769639804378695
2024.0,12.0,Dakhla-Oued Ed-Dahab,-3.4959524176249963
2024.0,12.0,Tanger-Tétouan-Al Hoceima,3.9943792923482286
2024.0,12.0,Drâa-Tafilalet,8.76302477658645
2024.0,12.0,Marrakech-Safi,12.573305565296078
2024.0,12.0,l'Oriental,20.973209452998173
2024.0,12.0,Béni Mellal-Khénifra,-0.015383651133517678
2024.0,12.0,Casablanca-Settat,-6.407326729616037
2024.0,12.0,Rabat-Salé-Kénitra,4.1244447725332645
